{
    "type": "FeatureCollection",
    "features": [
        {
            "type": "Feature",
            "geometry": {
                "type": "Polygon",
                "coordinates": [
                    [
                        [
                            178.31517934,
                            -37.55774289
                        ],
                        [
                            178.31601815,
                            -37.55827226
                        ],
                        [
                            178.31710168,
                            -37.55851952
                        ],
                        [
                            178.31808239,
                            -37.55895041
                        ],
                        [
                            178.31879385,
                            -37.55962051
                        ],
                        [
                            178.31904156,
                            -37.56047746
                        ],
                        [
                            178.31886025,
                            -37.56135788
                        ],
                        [
                            178.31833953,
                            -37.56213965
                        ],
                        [
                            178.31754918,
                            -37.56278121
                        ],
                        [
                            178.31690876,
                            -37.56348285
                        ],
                        [
                            178.31680153,
                            -37.56435564
                        ],
                        [
                            178.3169569,
                            -37.56524766
                        ],
                        [
                            178.31690258,
                            -37.56613346
                        ],
                        [
                            178.31633499,
                            -37.56684781
                        ],
                        [
                            178.31531745,
                            -37.56716094
                        ],
                        [
                            178.3142229,
                            -37.56704753
                        ],
                        [
                            178.31313215,
                            -37.56688062
                        ],
                        [
                            178.31228793,
                            -37.56729178
                        ],
                        [
                            178.31146749,
                            -37.56785581
                        ],
                        [
                            178.31041086,
                            -37.56817012
                        ],
                        [
                            178.30930387,
                            -37.56834189
                        ],
                        [
                            178.30817692,
                            -37.56835775
                        ],
                        [
                            178.3070999,
                            -37.56812947
                        ],
                        [
                            178.30602267,
                            -37.56787155
                        ],
                        [
                            178.30496397,
                            -37.568046
                        ],
                        [
                            178.30388097,
                            -37.56828382
                        ],
                        [
                            178.30276253,
                            -37.56825606
                        ],
                        [
                            178.30163747,
                            -37.5681608
                        ],
                        [
                            178.30052714,
                            -37.56827015
                        ],
                        [
                            178.29956734,
                            -37.56871547
                        ],
                        [
                            178.29862418,
                            -37.56921181
                        ],
                        [
                            178.29760275,
                            -37.56959413
                        ],
                        [
                            178.29664272,
                            -37.57006294
                        ],
                        [
                            178.29592759,
                            -37.5707466
                        ],
                        [
                            178.295479,
                            -37.57156767
                        ],
                        [
                            178.29520044,
                            -37.57243934
                        ],
                        [
                            178.29497249,
                            -37.57332168
                        ],
                        [
                            178.29472296,
                            -37.57420025
                        ],
                        [
                            178.2944401,
                            -37.57507242
                        ],
                        [
                            178.2941575,
                            -37.57594471
                        ],
                        [
                            178.29393151,
                            -37.57682704
                        ],
                        [
                            178.29380684,
                            -37.57772156
                        ],
                        [
                            178.29380578,
                            -37.57862133
                        ],
                        [
                            178.29390267,
                            -37.57951834
                        ],
                        [
                            178.29408243,
                            -37.5804073
                        ],
                        [
                            178.29436049,
                            -37.58127977
                        ],
                        [
                            178.29467081,
                            -37.58214608
                        ],
                        [
                            178.29495122,
                            -37.5830187
                        ],
                        [
                            178.29525484,
                            -37.58388638
                        ],
                        [
                            178.29561457,
                            -37.58474024
                        ],
                        [
                            178.29598488,
                            -37.58559151
                        ],
                        [
                            178.29634253,
                            -37.58644617
                        ],
                        [
                            178.29672316,
                            -37.58729446
                        ],
                        [
                            178.29715111,
                            -37.58812823
                        ],
                        [
                            178.29755264,
                            -37.58897028
                        ],
                        [
                            178.29780745,
                            -37.58984581
                        ],
                        [
                            178.29790632,
                            -37.59074178
                        ],
                        [
                            178.29821729,
                            -37.59160093
                        ],
                        [
                            178.29922414,
                            -37.59177754
                        ],
                        [
                            178.30033931,
                            -37.59163057
                        ],
                        [
                            178.30145435,
                            -37.59147485
                        ],
                        [
                            178.30256286,
                            -37.59129216
                        ],
                        [
                            178.30369199,
                            -37.59132422
                        ],
                        [
                            178.30323661,
                            -37.59207765
                        ],
                        [
                            178.30260488,
                            -37.59282507
                        ],
                        [
                            178.30196824,
                            -37.59356996
                        ],
                        [
                            178.30180558,
                            -37.59445929
                        ],
                        [
                            178.30261169,
                            -37.59505302
                        ],
                        [
                            178.3037314,
                            -37.59492506
                        ],
                        [
                            178.30481188,
                            -37.59465679
                        ],
                        [
                            178.30586104,
                            -37.59431832
                        ],
                        [
                            178.30691694,
                            -37.59399453
                        ],
                        [
                            178.30801465,
                            -37.59377632
                        ],
                        [
                            178.30913899,
                            -37.59367098
                        ],
                        [
                            178.31026475,
                            -37.59357575
                        ],
                        [
                            178.31139222,
                            -37.59349433
                        ],
                        [
                            178.31252078,
                            -37.59342311
                        ],
                        [
                            178.31364974,
                            -37.59335599
                        ],
                        [
                            178.31477877,
                            -37.59329251
                        ],
                        [
                            178.31589115,
                            -37.59314035
                        ],
                        [
                            178.31690208,
                            -37.59273932
                        ],
                        [
                            178.31777737,
                            -37.59216805
                        ],
                        [
                            178.31864617,
                            -37.59159269
                        ],
                        [
                            178.31964318,
                            -37.59117126
                        ],
                        [
                            178.32074165,
                            -37.59095867
                        ],
                        [
                            178.32187073,
                            -37.59089637
                        ],
                        [
                            178.32300206,
                            -37.59088379
                        ],
                        [
                            178.32412731,
                            -37.59079569
                        ],
                        [
                            178.32515479,
                            -37.59096772
                        ],
                        [
                            178.3255891,
                            -37.59179014
                        ],
                        [
                            178.32574523,
                            -37.59268226
                        ],
                        [
                            178.32583124,
                            -37.59357861
                        ],
                        [
                            178.32573797,
                            -37.59447372
                        ],
                        [
                            178.32545567,
                            -37.59534439
                        ],
                        [
                            178.32497271,
                            -37.5961473
                        ],
                        [
                            178.32415818,
                            -37.59675559
                        ],
                        [
                            178.32314717,
                            -37.59715939
                        ],
                        [
                            178.32213385,
                            -37.59755391
                        ],
                        [
                            178.32125106,
                            -37.59810727
                        ],
                        [
                            178.32050655,
                            -37.59878593
                        ],
                        [
                            178.31973334,
                            -37.59944252
                        ],
                        [
                            178.31889208,
                            -37.60004519
                        ],
                        [
                            178.31802841,
                            -37.60062766
                        ],
                        [
                            178.31716322,
                            -37.60120869
                        ],
                        [
                            178.31632197,
                            -37.60181097
                        ],
                        [
                            178.31552917,
                            -37.60245373
                        ],
                        [
                            178.31482031,
                            -37.60315155
                        ],
                        [
                            178.31430009,
                            -37.60394695
                        ],
                        [
                            178.31388724,
                            -37.6047844
                        ],
                        [
                            178.31332279,
                            -37.60555943
                        ],
                        [
                            178.31256149,
                            -37.60622144
                        ],
                        [
                            178.3116476,
                            -37.60674331
                        ],
                        [
                            178.31064303,
                            -37.60715835
                        ],
                        [
                            178.3100415,
                            -37.60775663
                        ],
                        [
                            178.31068401,
                            -37.60832208
                        ],
                        [
                            178.31174184,
                            -37.6086419
                        ],
                        [
                            178.31243351,
                            -37.60926437
                        ],
                        [
                            178.31269292,
                            -37.61013399
                        ],
                        [
                            178.31281849,
                            -37.61102922
                        ],
                        [
                            178.31288606,
                            -37.61192782
                        ],
                        [
                            178.31291651,
                            -37.61282832
                        ],
                        [
                            178.31294905,
                            -37.61372878
                        ],
                        [
                            178.31303433,
                            -37.61462634
                        ],
                        [
                            178.3134156,
                            -37.61545381
                        ],
                        [
                            178.31403943,
                            -37.61620454
                        ],
                        [
                            178.31466011,
                            -37.61695729
                        ],
                        [
                            178.31506615,
                            -37.61778707
                        ],
                        [
                            178.31531417,
                            -37.6186659
                        ],
                        [
                            178.31554607,
                            -37.61954765
                        ],
                        [
                            178.31577647,
                            -37.62042964
                        ],
                        [
                            178.31598026,
                            -37.62131559
                        ],
                        [
                            178.31606298,
                            -37.62221129
                        ],
                        [
                            178.31604835,
                            -37.62311192
                        ],
                        [
                            178.31601729,
                            -37.62401241
                        ],
                        [
                            178.31598454,
                            -37.62491286
                        ],
                        [
                            178.31594438,
                            -37.62581312
                        ],
                        [
                            178.31589867,
                            -37.62671321
                        ],
                        [
                            178.31585001,
                            -37.62761321
                        ],
                        [
                            178.31576248,
                            -37.62851099
                        ],
                        [
                            178.31550603,
                            -37.62938291
                        ],
                        [
                            178.31510831,
                            -37.63022592
                        ],
                        [
                            178.31468228,
                            -37.6310606
                        ],
                        [
                            178.31424581,
                            -37.63189183
                        ],
                        [
                            178.31374003,
                            -37.63269651
                        ],
                        [
                            178.31307974,
                            -37.63342289
                        ],
                        [
                            178.31234065,
                            -37.63410554
                        ],
                        [
                            178.31160281,
                            -37.63478905
                        ],
                        [
                            178.31088484,
                            -37.63548561
                        ],
                        [
                            178.31025429,
                            -37.63623154
                        ],
                        [
                            178.3097137,
                            -37.63702266
                        ],
                        [
                            178.30919969,
                            -37.63782541
                        ],
                        [
                            178.30868586,
                            -37.63862824
                        ],
                        [
                            178.30817276,
                            -37.63943136
                        ],
                        [
                            178.30765829,
                            -37.64023393
                        ],
                        [
                            178.30711534,
                            -37.64102428
                        ],
                        [
                            178.30646226,
                            -37.64175664
                        ],
                        [
                            178.30571875,
                            -37.64243591
                        ],
                        [
                            178.30503238,
                            -37.6431497
                        ],
                        [
                            178.30443237,
                            -37.64391336
                        ],
                        [
                            178.30385559,
                            -37.6446887
                        ],
                        [
                            178.30327374,
                            -37.64546163
                        ],
                        [
                            178.3026249,
                            -37.6461983
                        ],
                        [
                            178.30178926,
                            -37.64679112
                        ],
                        [
                            178.3008563,
                            -37.64730218
                        ],
                        [
                            178.29992733,
                            -37.64781782
                        ],
                        [
                            178.29901427,
                            -37.64835094
                        ],
                        [
                            178.2981208,
                            -37.64890473
                        ],
                        [
                            178.2972345,
                            -37.64946589
                        ],
                        [
                            178.29634819,
                            -37.65002704
                        ],
                        [
                            178.29546111,
                            -37.65058743
                        ],
                        [
                            178.29456446,
                            -37.65113803
                        ],
                        [
                            178.29363469,
                            -37.65165192
                        ],
                        [
                            178.29267242,
                            -37.65212715
                        ],
                        [
                            178.2917005,
                            -37.65259015
                        ],
                        [
                            178.29072857,
                            -37.65305314
                        ],
                        [
                            178.28975603,
                            -37.65351533
                        ],
                        [
                            178.28877601,
                            -37.65396734
                        ],
                        [
                            178.28777089,
                            -37.65438217
                        ],
                        [
                            178.28674211,
                            -37.65475934
                        ],
                        [
                            178.28570662,
                            -37.65512506
                        ],
                        [
                            178.28467112,
                            -37.65549077
                        ],
                        [
                            178.28363561,
                            -37.65585648
                        ],
                        [
                            178.2826001,
                            -37.65622217
                        ],
                        [
                            178.28156457,
                            -37.65658785
                        ],
                        [
                            178.28052903,
                            -37.65695353
                        ],
                        [
                            178.27949645,
                            -37.65732444
                        ],
                        [
                            178.27850833,
                            -37.6577614
                        ],
                        [
                            178.27772132,
                            -37.65838865
                        ],
                        [
                            178.2771161,
                            -37.6591484
                        ],
                        [
                            178.27655584,
                            -37.65993142
                        ],
                        [
                            178.27599557,
                            -37.66071444
                        ],
                        [
                            178.27543529,
                            -37.66149746
                        ],
                        [
                            178.27486945,
                            -37.66227793
                        ],
                        [
                            178.27424714,
                            -37.66302969
                        ],
                        [
                            178.27348018,
                            -37.66368618
                        ],
                        [
                            178.2726129,
                            -37.66426526
                        ],
                        [
                            178.27172667,
                            -37.66482668
                        ],
                        [
                            178.27084465,
                            -37.66539225
                        ],
                        [
                            178.2700057,
                            -37.66599661
                        ],
                        [
                            178.26929066,
                            -37.66669071
                        ],
                        [
                            178.26865534,
                            -37.66743655
                        ],
                        [
                            178.26796561,
                            -37.66814946
                        ],
                        [
                            178.267103,
                            -37.66872058
                        ],
                        [
                            178.26611001,
                            -37.66915023
                        ],
                        [
                            178.26508683,
                            -37.66953757
                        ],
                        [
                            178.26406268,
                            -37.66992329
                        ],
                        [
                            178.26303044,
                            -37.67029497
                        ],
                        [
                            178.26197849,
                            -37.67062922
                        ],
                        [
                            178.26090947,
                            -37.67092796
                        ],
                        [
                            178.25983565,
                            -37.67121601
                        ],
                        [
                            178.25876183,
                            -37.67150405
                        ],
                        [
                            178.25768779,
                            -37.6717916
                        ],
                        [
                            178.25661197,
                            -37.6720749
                        ],
                        [
                            178.25553169,
                            -37.6723472
                        ],
                        [
                            178.25444739,
                            -37.67260931
                        ],
                        [
                            178.25336194,
                            -37.67286841
                        ],
                        [
                            178.25227648,
                            -37.6731275
                        ],
                        [
                            178.25119101,
                            -37.67338658
                        ],
                        [
                            178.25010553,
                            -37.67364564
                        ],
                        [
                            178.24902005,
                            -37.6739047
                        ],
                        [
                            178.24793096,
                            -37.67415391
                        ],
                        [
                            178.24682036,
                            -37.67432386
                        ],
                        [
                            178.24569253,
                            -37.67433496
                        ],
                        [
                            178.24456163,
                            -37.67427562
                        ],
                        [
                            178.24343151,
                            -37.67420761
                        ],
                        [
                            178.24230546,
                            -37.6741077
                        ],
                        [
                            178.24118804,
                            -37.6739592
                        ],
                        [
                            178.24007446,
                            -37.67379161
                        ],
                        [
                            178.23896089,
                            -37.67362401
                        ],
                        [
                            178.23784716,
                            -37.67345708
                        ],
                        [
                            178.23673228,
                            -37.67329508
                        ],
                        [
                            178.23561525,
                            -37.67314283
                        ],
                        [
                            178.23449722,
                            -37.67299522
                        ],
                        [
                            178.23337913,
                            -37.67284787
                        ],
                        [
                            178.23225881,
                            -37.67271194
                        ],
                        [
                            178.23112982,
                            -37.67266274
                        ],
                        [
                            178.23002386,
                            -37.67281823
                        ],
                        [
                            178.22917775,
                            -37.67335752
                        ],
                        [
                            178.22934472,
                            -37.67416486
                        ],
                        [
                            178.23018747,
                            -37.67473678
                        ],
                        [
                            178.2311944,
                            -37.67514668
                        ],
                        [
                            178.23220688,
                            -37.67555149
                        ],
                        [
                            178.233192,
                            -37.6759966
                        ],
                        [
                            178.23416998,
                            -37.67645189
                        ],
                        [
                            178.23516774,
                            -37.67687901
                        ],
                        [
                            178.23618354,
                            -37.67727848
                        ],
                        [
                            178.23719287,
                            -37.67768826
                        ],
                        [
                            178.23817669,
                            -37.67813528
                        ],
                        [
                            178.23917052,
                            -37.67856829
                        ],
                        [
                            178.24020479,
                            -37.67893568
                        ],
                        [
                            178.24126704,
                            -37.67924933
                        ],
                        [
                            178.24234237,
                            -37.67953392
                        ],
                        [
                            178.24340024,
                            -37.67985684
                        ],
                        [
                            178.24440479,
                            -37.68027227
                        ],
                        [
                            178.24533328,
                            -37.68078731
                        ],
                        [
                            178.2461765,
                            -37.68138814
                        ],
                        [
                            178.24691571,
                            -37.68206985
                        ],
                        [
                            178.24754778,
                            -37.68281675
                        ],
                        [
                            178.2481815,
                            -37.68356363
                        ],
                        [
                            178.24886204,
                            -37.68428384
                        ],
                        [
                            178.24957367,
                            -37.68498497
                        ],
                        [
                            178.25031088,
                            -37.68566921
                        ],
                        [
                            178.25102005,
                            -37.68637186
                        ],
                        [
                            178.25169103,
                            -37.68709782
                        ],
                        [
                            178.25243273,
                            -37.6877784
                        ],
                        [
                            178.25327768,
                            -37.68837758
                        ],
                        [
                            178.25417765,
                            -37.68892496
                        ],
                        [
                            178.25510559,
                            -37.68944228
                        ],
                        [
                            178.25603108,
                            -37.68996248
                        ],
                        [
                            178.25689562,
                            -37.69054441
                        ],
                        [
                            178.25770749,
                            -37.69117282
                        ],
                        [
                            178.25849035,
                            -37.6918243
                        ],
                        [
                            178.25925777,
                            -37.69248732
                        ],
                        [
                            178.26013017,
                            -37.69306068
                        ],
                        [
                            178.26119459,
                            -37.69335052
                        ],
                        [
                            178.2623205,
                            -37.69330143
                        ],
                        [
                            178.26341173,
                            -37.69306206
                        ],
                        [
                            178.26446445,
                            -37.69272866
                        ],
                        [
                            178.26552036,
                            -37.69240086
                        ],
                        [
                            178.26658097,
                            -37.69208276
                        ],
                        [
                            178.26762822,
                            -37.69173794
                        ],
                        [
                            178.2686489,
                            -37.69134621
                        ],
                        [
                            178.26965197,
                            -37.69092657
                        ],
                        [
                            178.27068889,
                            -37.69056295
                        ],
                        [
                            178.27161878,
                            -37.69005003
                        ],
                        [
                            178.27208349,
                            -37.68923327
                        ],
                        [
                            178.27198962,
                            -37.68833923
                        ],
                        [
                            178.27126931,
                            -37.68764507
                        ],
                        [
                            178.27041606,
                            -37.68705266
                        ],
                        [
                            178.26965063,
                            -37.68638843
                        ],
                        [
                            178.26894514,
                            -37.68568347
                        ],
                        [
                            178.2683007,
                            -37.6849434
                        ],
                        [
                            178.26781558,
                            -37.68413072
                        ],
                        [
                            178.26753214,
                            -37.68325922
                        ],
                        [
                            178.26740215,
                            -37.68236509
                        ],
                        [
                            178.26744211,
                            -37.68146682
                        ],
                        [
                            178.2677221,
                            -37.68059418
                        ],
                        [
                            178.26810457,
                            -37.67974822
                        ],
                        [
                            178.26872129,
                            -37.67899987
                        ],
                        [
                            178.26962457,
                            -37.67845909
                        ],
                        [
                            178.27064702,
                            -37.67808155
                        ],
                        [
                            178.27176426,
                            -37.67793051
                        ],
                        [
                            178.27288357,
                            -37.67779417
                        ],
                        [
                            178.27397973,
                            -37.6775655
                        ],
                        [
                            178.27505234,
                            -37.67728153
                        ],
                        [
                            178.27599184,
                            -37.67680605
                        ],
                        [
                            178.27656361,
                            -37.67603512
                        ],
                        [
                            178.27687354,
                            -37.67517019
                        ],
                        [
                            178.27711437,
                            -37.67429429
                        ],
                        [
                            178.27764416,
                            -37.67351226
                        ],
                        [
                            178.27850736,
                            -37.67293953
                        ],
                        [
                            178.27952706,
                            -37.67254808
                        ],
                        [
                            178.28057958,
                            -37.67221401
                        ],
                        [
                            178.28162069,
                            -37.67185972
                        ],
                        [
                            178.28262246,
                            -37.67143917
                        ],
                        [
                            178.28360157,
                            -37.67098556
                        ],
                        [
                            178.28459408,
                            -37.67055095
                        ],
                        [
                            178.28560567,
                            -37.67014499
                        ],
                        [
                            178.28662267,
                            -37.66974789
                        ],
                        [
                            178.28760174,
                            -37.6692973
                        ],
                        [
                            178.28848051,
                            -37.66873424
                        ],
                        [
                            178.28921712,
                            -37.66805117
                        ],
                        [
                            178.28992265,
                            -37.66735061
                        ],
                        [
                            178.29080632,
                            -37.66680053
                        ],
                        [
                            178.29184356,
                            -37.66643901
                        ],
                        [
                            178.29291121,
                            -37.66613792
                        ],
                        [
                            178.29400192,
                            -37.66589668
                        ],
                        [
                            178.29511389,
                            -37.66572329
                        ],
                        [
                            178.29622951,
                            -37.66556509
                        ],
                        [
                            178.29734405,
                            -37.66540235
                        ],
                        [
                            178.29845129,
                            -37.6652123
                        ],
                        [
                            178.29954134,
                            -37.66496725
                        ],
                        [
                            178.30061593,
                            -37.66468131
                        ],
                        [
                            178.30168719,
                            -37.66438756
                        ],
                        [
                            178.30275867,
                            -37.66409432
                        ],
                        [
                            178.30383126,
                            -37.6638037
                        ],
                        [
                            178.30490679,
                            -37.66352005
                        ],
                        [
                            178.30598941,
                            -37.66325436
                        ],
                        [
                            178.30708136,
                            -37.66301362
                        ],
                        [
                            178.30817425,
                            -37.6627757
                        ],
                        [
                            178.3092613,
                            -37.66252138
                        ],
                        [
                            178.31033871,
                            -37.6622433
                        ],
                        [
                            178.3113894,
                            -37.66190794
                        ],
                        [
                            178.31240743,
                            -37.66151245
                        ],
                        [
                            178.31341617,
                            -37.66110208
                        ],
                        [
                            178.31442171,
                            -37.66068679
                        ],
                        [
                            178.31541919,
                            -37.66025952
                        ],
                        [
                            178.31640471,
                            -37.65981497
                        ],
                        [
                            178.31738099,
                            -37.65935776
                        ],
                        [
                            178.3183319,
                            -37.65886953
                        ],
                        [
                            178.31910694,
                            -37.65824689
                        ],
                        [
                            178.31907917,
                            -37.65757622
                        ],
                        [
                            178.31801015,
                            -37.65748234
                        ],
                        [
                            178.31692661,
                            -37.65774567
                        ],
                        [
                            178.31583704,
                            -37.65799004
                        ],
                        [
                            178.31481987,
                            -37.65787101
                        ],
                        [
                            178.31417081,
                            -37.65717488
                        ],
                        [
                            178.31393451,
                            -37.65630387
                        ],
                        [
                            178.31404858,
                            -37.65541912
                        ],
                        [
                            178.31438092,
                            -37.65455875
                        ],
                        [
                            178.31474727,
                            -37.65370634
                        ],
                        [
                            178.31511274,
                            -37.65285367
                        ],
                        [
                            178.31556382,
                            -37.65202983
                        ],
                        [
                            178.31622722,
                            -37.65131095
                        ],
                        [
                            178.3171178,
                            -37.65076774
                        ],
                        [
                            178.31815102,
                            -37.65041121
                        ],
                        [
                            178.31907301,
                            -37.64993111
                        ],
                        [
                            178.31863573,
                            -37.64934877
                        ],
                        [
                            178.31798969,
                            -37.64862317
                        ],
                        [
                            178.31794257,
                            -37.64775672
                        ],
                        [
                            178.31865262,
                            -37.64711227
                        ],
                        [
                            178.31945282,
                            -37.64647613
                        ],
                        [
                            178.31993601,
                            -37.64567287
                        ],
                        [
                            178.32040348,
                            -37.64485263
                        ],
                        [
                            178.32092625,
                            -37.64405366
                        ],
                        [
                            178.32127409,
                            -37.64319976
                        ],
                        [
                            178.32122616,
                            -37.64230883
                        ],
                        [
                            178.32106734,
                            -37.641417
                        ],
                        [
                            178.32114337,
                            -37.64052212
                        ],
                        [
                            178.3214098,
                            -37.639648
                        ],
                        [
                            178.32189276,
                            -37.63883608
                        ],
                        [
                            178.32268972,
                            -37.63820548
                        ],
                        [
                            178.32366991,
                            -37.63776017
                        ],
                        [
                            178.32478685,
                            -37.63768617
                        ],
                        [
                            178.32579838,
                            -37.63807382
                        ],
                        [
                            178.32663199,
                            -37.63868109
                        ],
                        [
                            178.32736589,
                            -37.63936691
                        ],
                        [
                            178.32808075,
                            -37.64006572
                        ],
                        [
                            178.32877803,
                            -37.64077567
                        ],
                        [
                            178.32944389,
                            -37.64150443
                        ],
                        [
                            178.33017438,
                            -37.64219278
                        ],
                        [
                            178.33109042,
                            -37.64272057
                        ],
                        [
                            178.33211899,
                            -37.64309669
                        ],
                        [
                            178.33317258,
                            -37.64342767
                        ],
                        [
                            178.33424264,
                            -37.64372339
                        ],
                        [
                            178.33531936,
                            -37.64400348
                        ],
                        [
                            178.33640168,
                            -37.64426962
                        ],
                        [
                            178.33749624,
                            -37.64450186
                        ],
                        [
                            178.33861974,
                            -37.64461519
                        ],
                        [
                            178.33974092,
                            -37.64449231
                        ],
                        [
                            178.34076298,
                            -37.64410553
                        ],
                        [
                            178.34166311,
                            -37.64355872
                        ],
                        [
                            178.34261495,
                            -37.64307035
                        ],
                        [
                            178.34371434,
                            -37.64285627
                        ],
                        [
                            178.34484661,
                            -37.64286723
                        ],
                        [
                            178.34595562,
                            -37.64269711
                        ],
                        [
                            178.34693283,
                            -37.6422421
                        ],
                        [
                            178.34784207,
                            -37.64170488
                        ],
                        [
                            178.34879126,
                            -37.64121593
                        ],
                        [
                            178.34986146,
                            -37.64092462
                        ],
                        [
                            178.35098307,
                            -37.64079829
                        ],
                        [
                            178.35210847,
                            -37.64069556
                        ],
                        [
                            178.35323629,
                            -37.64061226
                        ],
                        [
                            178.3543533,
                            -37.64046723
                        ],
                        [
                            178.35542495,
                            -37.64018053
                        ],
                        [
                            178.35640178,
                            -37.63972443
                        ],
                        [
                            178.35737178,
                            -37.63926126
                        ],
                        [
                            178.35841974,
                            -37.6389194
                        ],
                        [
                            178.35948234,
                            -37.63860726
                        ],
                        [
                            178.36053184,
                            -37.63827014
                        ],
                        [
                            178.36153711,
                            -37.63786251
                        ],
                        [
                            178.3626435,
                            -37.6377388
                        ],
                        [
                            178.36375622,
                            -37.63790382
                        ],
                        [
                            178.36488372,
                            -37.6379676
                        ],
                        [
                            178.36601048,
                            -37.63788836
                        ],
                        [
                            178.36711237,
                            -37.63768666
                        ],
                        [
                            178.36816612,
                            -37.63735925
                        ],
                        [
                            178.3691682,
                            -37.63693977
                        ],
                        [
                            178.37014359,
                            -37.63648173
                        ],
                        [
                            178.3711136,
                            -37.63601655
                        ],
                        [
                            178.37206728,
                            -37.63553119
                        ],
                        [
                            178.37295774,
                            -37.63497802
                        ],
                        [
                            178.37370649,
                            -37.63430651
                        ],
                        [
                            178.3743242,
                            -37.63355195
                        ],
                        [
                            178.37507131,
                            -37.63289449
                        ],
                        [
                            178.37608708,
                            -37.63250526
                        ],
                        [
                            178.37717273,
                            -37.63224835
                        ],
                        [
                            178.3782489,
                            -37.63196945
                        ],
                        [
                            178.37925649,
                            -37.63157513
                        ],
                        [
                            178.38011541,
                            -37.63098969
                        ],
                        [
                            178.3809597,
                            -37.63039668
                        ],
                        [
                            178.38194847,
                            -37.62996343
                        ],
                        [
                            178.3830124,
                            -37.62965749
                        ],
                        [
                            178.38411568,
                            -37.62948698
                        ],
                        [
                            178.38524455,
                            -37.62952706
                        ],
                        [
                            178.38636491,
                            -37.62965942
                        ],
                        [
                            178.38748498,
                            -37.6297933
                        ],
                        [
                            178.38860763,
                            -37.62991169
                        ],
                        [
                            178.38973179,
                            -37.63001997
                        ],
                        [
                            178.39071518,
                            -37.63034045
                        ],
                        [
                            178.39120009,
                            -37.6311291
                        ],
                        [
                            178.39163001,
                            -37.63193825
                        ],
                        [
                            178.3924093,
                            -37.63258268
                        ],
                        [
                            178.39340214,
                            -37.63295669
                        ],
                        [
                            178.3943547,
                            -37.6327192
                        ],
                        [
                            178.3952001,
                            -37.63212307
                        ],
                        [
                            178.39621347,
                            -37.63178074
                        ],
                        [
                            178.39727826,
                            -37.63191859
                        ],
                        [
                            178.39825398,
                            -37.6323708
                        ],
                        [
                            178.39928773,
                            -37.63269852
                        ],
                        [
                            178.40040678,
                            -37.63282536
                        ],
                        [
                            178.40153715,
                            -37.63287939
                        ],
                        [
                            178.40266944,
                            -37.63289916
                        ],
                        [
                            178.4038021,
                            -37.63289846
                        ],
                        [
                            178.40493378,
                            -37.63286683
                        ],
                        [
                            178.40606419,
                            -37.63280996
                        ],
                        [
                            178.40718612,
                            -37.63269488
                        ],
                        [
                            178.408258,
                            -37.63242329
                        ],
                        [
                            178.40927867,
                            -37.63203384
                        ],
                        [
                            178.41015026,
                            -37.63147906
                        ],
                        [
                            178.41092881,
                            -37.6308248
                        ],
                        [
                            178.41181677,
                            -37.63027706
                        ],
                        [
                            178.41280261,
                            -37.62983455
                        ],
                        [
                            178.41386618,
                            -37.62954958
                        ],
                        [
                            178.41498493,
                            -37.62941739
                        ],
                        [
                            178.41611045,
                            -37.62944177
                        ],
                        [
                            178.41718924,
                            -37.62968815
                        ],
                        [
                            178.41817169,
                            -37.63012733
                        ],
                        [
                            178.41872955,
                            -37.63085021
                        ],
                        [
                            178.41940358,
                            -37.63151763
                        ],
                        [
                            178.42038117,
                            -37.63196393
                        ],
                        [
                            178.42143656,
                            -37.63228645
                        ],
                        [
                            178.42254316,
                            -37.63245609
                        ],
                        [
                            178.42366197,
                            -37.63259366
                        ],
                        [
                            178.42475789,
                            -37.63281582
                        ],
                        [
                            178.4258435,
                            -37.63307285
                        ],
                        [
                            178.42694128,
                            -37.63329302
                        ],
                        [
                            178.42805511,
                            -37.633454
                        ],
                        [
                            178.42917731,
                            -37.63357573
                        ],
                        [
                            178.4302822,
                            -37.63376456
                        ],
                        [
                            178.43132852,
                            -37.63409967
                        ],
                        [
                            178.43232697,
                            -37.63452428
                        ],
                        [
                            178.43331364,
                            -37.63496674
                        ],
                        [
                            178.43430032,
                            -37.6354092
                        ],
                        [
                            178.43529791,
                            -37.63583569
                        ],
                        [
                            178.43635735,
                            -37.63614091
                        ],
                        [
                            178.43746958,
                            -37.63629955
                        ],
                        [
                            178.43859424,
                            -37.63640692
                        ],
                        [
                            178.43971765,
                            -37.63652212
                        ],
                        [
                            178.44082016,
                            -37.63672007
                        ],
                        [
                            178.44184118,
                            -37.63709492
                        ],
                        [
                            178.4427839,
                            -37.63759255
                        ],
                        [
                            178.44371528,
                            -37.63810516
                        ],
                        [
                            178.44469123,
                            -37.63856031
                        ],
                        [
                            178.4457478,
                            -37.63887173
                        ],
                        [
                            178.44685128,
                            -37.63907208
                        ],
                        [
                            178.44795646,
                            -37.639269
                        ],
                        [
                            178.44905824,
                            -37.63947836
                        ],
                        [
                            178.45016002,
                            -37.6396877
                        ],
                        [
                            178.45125283,
                            -37.63992402
                        ],
                        [
                            178.4522861,
                            -37.64028325
                        ],
                        [
                            178.45329001,
                            -37.64070058
                        ],
                        [
                            178.45436434,
                            -37.6409578
                        ],
                        [
                            178.45548033,
                            -37.64111197
                        ],
                        [
                            178.45659589,
                            -37.64126843
                        ],
                        [
                            178.45765822,
                            -37.64156444
                        ],
                        [
                            178.45869345,
                            -37.64193025
                        ],
                        [
                            178.4597659,
                            -37.6422134
                        ],
                        [
                            178.46125415,
                            -37.6422961
                        ],
                        [
                            178.46119906,
                            -37.64168594
                        ],
                        [
                            178.46112056,
                            -37.6407873
                        ],
                        [
                            178.46104206,
                            -37.63988865
                        ],
                        [
                            178.46096356,
                            -37.63899
                        ],
                        [
                            178.46088506,
                            -37.63809136
                        ],
                        [
                            178.46080736,
                            -37.63719267
                        ],
                        [
                            178.46074732,
                            -37.63629315
                        ],
                        [
                            178.46064899,
                            -37.63539574
                        ],
                        [
                            178.4605494,
                            -37.63449842
                        ],
                        [
                            178.46044982,
                            -37.63360109
                        ],
                        [
                            178.46035023,
                            -37.63270377
                        ],
                        [
                            178.46025065,
                            -37.63180645
                        ],
                        [
                            178.46015108,
                            -37.63090912
                        ],
                        [
                            178.4600515,
                            -37.6300118
                        ],
                        [
                            178.45995193,
                            -37.62911447
                        ],
                        [
                            178.45985261,
                            -37.62821713
                        ],
                        [
                            178.45976005,
                            -37.62731934
                        ],
                        [
                            178.45968546,
                            -37.62642048
                        ],
                        [
                            178.45961712,
                            -37.62552132
                        ],
                        [
                            178.45954797,
                            -37.62462219
                        ],
                        [
                            178.45945341,
                            -37.62372454
                        ],
                        [
                            178.45933162,
                            -37.62282895
                        ],
                        [
                            178.45920264,
                            -37.621934
                        ],
                        [
                            178.45907345,
                            -37.62103907
                        ],
                        [
                            178.45894449,
                            -37.62014412
                        ],
                        [
                            178.45882216,
                            -37.61924859
                        ],
                        [
                            178.45872962,
                            -37.61835079
                        ],
                        [
                            178.4586481,
                            -37.61745232
                        ],
                        [
                            178.4585669,
                            -37.61655382
                        ],
                        [
                            178.45848571,
                            -37.61565533
                        ],
                        [
                            178.45840452,
                            -37.61475684
                        ],
                        [
                            178.45832334,
                            -37.61385834
                        ],
                        [
                            178.45824215,
                            -37.61295985
                        ],
                        [
                            178.45816097,
                            -37.61206136
                        ],
                        [
                            178.45807979,
                            -37.61116286
                        ],
                        [
                            178.45799861,
                            -37.61026437
                        ],
                        [
                            178.45791743,
                            -37.60936587
                        ],
                        [
                            178.45783626,
                            -37.60846738
                        ],
                        [
                            178.45775508,
                            -37.60756889
                        ],
                        [
                            178.45767391,
                            -37.60667039
                        ],
                        [
                            178.45759275,
                            -37.6057719
                        ],
                        [
                            178.45751158,
                            -37.60487341
                        ],
                        [
                            178.45743042,
                            -37.60397491
                        ],
                        [
                            178.45734926,
                            -37.60307642
                        ],
                        [
                            178.4572681,
                            -37.60217792
                        ],
                        [
                            178.45718694,
                            -37.60127943
                        ],
                        [
                            178.45710578,
                            -37.60038093
                        ],
                        [
                            178.45702463,
                            -37.59948244
                        ],
                        [
                            178.45694348,
                            -37.59858395
                        ],
                        [
                            178.45686233,
                            -37.59768545
                        ],
                        [
                            178.45678119,
                            -37.59678696
                        ],
                        [
                            178.45670005,
                            -37.59588847
                        ],
                        [
                            178.45661891,
                            -37.59498998
                        ],
                        [
                            178.45653777,
                            -37.59409149
                        ],
                        [
                            178.45645664,
                            -37.593193
                        ],
                        [
                            178.4563755,
                            -37.59229451
                        ],
                        [
                            178.45629437,
                            -37.59139601
                        ],
                        [
                            178.45621324,
                            -37.59049752
                        ],
                        [
                            178.45613211,
                            -37.58959903
                        ],
                        [
                            178.45605099,
                            -37.58870054
                        ],
                        [
                            178.45596987,
                            -37.58780205
                        ],
                        [
                            178.45588875,
                            -37.58690355
                        ],
                        [
                            178.45580763,
                            -37.58600506
                        ],
                        [
                            178.45572651,
                            -37.58510657
                        ],
                        [
                            178.4556454,
                            -37.58420808
                        ],
                        [
                            178.45556429,
                            -37.58330959
                        ],
                        [
                            178.45548318,
                            -37.58241109
                        ],
                        [
                            178.45540207,
                            -37.5815126
                        ],
                        [
                            178.45532096,
                            -37.58061411
                        ],
                        [
                            178.45523986,
                            -37.57971562
                        ],
                        [
                            178.45515876,
                            -37.57881713
                        ],
                        [
                            178.45507766,
                            -37.57791863
                        ],
                        [
                            178.45499657,
                            -37.57702014
                        ],
                        [
                            178.45491547,
                            -37.57612165
                        ],
                        [
                            178.45483438,
                            -37.57522316
                        ],
                        [
                            178.45475329,
                            -37.57432466
                        ],
                        [
                            178.4546722,
                            -37.57342617
                        ],
                        [
                            178.45459111,
                            -37.57252768
                        ],
                        [
                            178.45451003,
                            -37.57162919
                        ],
                        [
                            178.45442895,
                            -37.57073069
                        ],
                        [
                            178.45434787,
                            -37.5698322
                        ],
                        [
                            178.45426679,
                            -37.56893371
                        ],
                        [
                            178.45418572,
                            -37.56803521
                        ],
                        [
                            178.45410465,
                            -37.56713672
                        ],
                        [
                            178.45402357,
                            -37.56623823
                        ],
                        [
                            178.45394251,
                            -37.56533973
                        ],
                        [
                            178.45386144,
                            -37.56444124
                        ],
                        [
                            178.45378038,
                            -37.56354275
                        ],
                        [
                            178.45369931,
                            -37.56264426
                        ],
                        [
                            178.45361825,
                            -37.56174576
                        ],
                        [
                            178.4535372,
                            -37.56084727
                        ],
                        [
                            178.45345614,
                            -37.55994878
                        ],
                        [
                            178.45337509,
                            -37.55905028
                        ],
                        [
                            178.45329404,
                            -37.55815179
                        ],
                        [
                            178.45321299,
                            -37.5572533
                        ],
                        [
                            178.45313194,
                            -37.5563548
                        ],
                        [
                            178.4530509,
                            -37.55545631
                        ],
                        [
                            178.45296985,
                            -37.55455781
                        ],
                        [
                            178.45288881,
                            -37.55365932
                        ],
                        [
                            178.45280778,
                            -37.55276083
                        ],
                        [
                            178.45272674,
                            -37.55186233
                        ],
                        [
                            178.45264571,
                            -37.55096384
                        ],
                        [
                            178.45256467,
                            -37.55006534
                        ],
                        [
                            178.45248365,
                            -37.54916685
                        ],
                        [
                            178.45240262,
                            -37.54826836
                        ],
                        [
                            178.45232159,
                            -37.54736986
                        ],
                        [
                            178.45224057,
                            -37.54647137
                        ],
                        [
                            178.45215955,
                            -37.54557287
                        ],
                        [
                            178.45207853,
                            -37.54467438
                        ],
                        [
                            178.45199751,
                            -37.54377589
                        ],
                        [
                            178.4519165,
                            -37.54287739
                        ],
                        [
                            178.45183549,
                            -37.5419789
                        ],
                        [
                            178.45175448,
                            -37.5410804
                        ],
                        [
                            178.45167347,
                            -37.54018191
                        ],
                        [
                            178.45159246,
                            -37.53928341
                        ],
                        [
                            178.45151146,
                            -37.53838492
                        ],
                        [
                            178.45143046,
                            -37.53748643
                        ],
                        [
                            178.45134946,
                            -37.53658793
                        ],
                        [
                            178.45126846,
                            -37.53568944
                        ],
                        [
                            178.45118747,
                            -37.53479094
                        ],
                        [
                            178.45110648,
                            -37.53389245
                        ],
                        [
                            178.45102549,
                            -37.53299395
                        ],
                        [
                            178.4509445,
                            -37.53209546
                        ],
                        [
                            178.45086351,
                            -37.53119696
                        ],
                        [
                            178.45078253,
                            -37.53029847
                        ],
                        [
                            178.45070155,
                            -37.52939997
                        ],
                        [
                            178.45062057,
                            -37.52850148
                        ],
                        [
                            178.45053959,
                            -37.52760298
                        ],
                        [
                            178.45045861,
                            -37.52670449
                        ],
                        [
                            178.45037764,
                            -37.52580599
                        ],
                        [
                            178.45029667,
                            -37.5249075
                        ],
                        [
                            178.4502157,
                            -37.524009
                        ],
                        [
                            178.45013473,
                            -37.52311051
                        ],
                        [
                            178.45005377,
                            -37.52221201
                        ],
                        [
                            178.44997281,
                            -37.52131352
                        ],
                        [
                            178.44989185,
                            -37.52041502
                        ],
                        [
                            178.44981089,
                            -37.51951653
                        ],
                        [
                            178.44972993,
                            -37.51861803
                        ],
                        [
                            178.44964898,
                            -37.51771954
                        ],
                        [
                            178.44956803,
                            -37.51682104
                        ],
                        [
                            178.44948708,
                            -37.51592255
                        ],
                        [
                            178.44940613,
                            -37.51502405
                        ],
                        [
                            178.44932519,
                            -37.51412555
                        ],
                        [
                            178.44924424,
                            -37.51322706
                        ],
                        [
                            178.4491633,
                            -37.51232856
                        ],
                        [
                            178.44908236,
                            -37.51143007
                        ],
                        [
                            178.44900143,
                            -37.51053157
                        ],
                        [
                            178.44890332,
                            -37.5096369
                        ],
                        [
                            178.44836214,
                            -37.50887088
                        ],
                        [
                            178.44723303,
                            -37.50891996
                        ],
                        [
                            178.44610393,
                            -37.50896903
                        ],
                        [
                            178.44497482,
                            -37.50901809
                        ],
                        [
                            178.44384571,
                            -37.50906714
                        ],
                        [
                            178.4427166,
                            -37.50911618
                        ],
                        [
                            178.44158748,
                            -37.5091652
                        ],
                        [
                            178.44045837,
                            -37.50921422
                        ],
                        [
                            178.43932925,
                            -37.50926322
                        ],
                        [
                            178.43820013,
                            -37.50931222
                        ],
                        [
                            178.43707101,
                            -37.5093612
                        ],
                        [
                            178.43594189,
                            -37.50941017
                        ],
                        [
                            178.43481277,
                            -37.50945913
                        ],
                        [
                            178.43368364,
                            -37.50950808
                        ],
                        [
                            178.43255452,
                            -37.50955702
                        ],
                        [
                            178.43142539,
                            -37.50960595
                        ],
                        [
                            178.43029626,
                            -37.50965486
                        ],
                        [
                            178.42916712,
                            -37.50970377
                        ],
                        [
                            178.42803799,
                            -37.50975266
                        ],
                        [
                            178.42690885,
                            -37.50980155
                        ],
                        [
                            178.42577972,
                            -37.50985042
                        ],
                        [
                            178.42465058,
                            -37.50989928
                        ],
                        [
                            178.42352144,
                            -37.50994814
                        ],
                        [
                            178.4223923,
                            -37.50999698
                        ],
                        [
                            178.42126315,
                            -37.5100458
                        ],
                        [
                            178.42013401,
                            -37.51009462
                        ],
                        [
                            178.41900486,
                            -37.51014343
                        ],
                        [
                            178.41787571,
                            -37.51019223
                        ],
                        [
                            178.41674656,
                            -37.51024101
                        ],
                        [
                            178.41561741,
                            -37.51028979
                        ],
                        [
                            178.41448825,
                            -37.51033855
                        ],
                        [
                            178.4133591,
                            -37.5103873
                        ],
                        [
                            178.41222994,
                            -37.51043604
                        ],
                        [
                            178.41110078,
                            -37.51048477
                        ],
                        [
                            178.40997162,
                            -37.51053349
                        ],
                        [
                            178.40884246,
                            -37.5105822
                        ],
                        [
                            178.40771329,
                            -37.5106309
                        ],
                        [
                            178.40658413,
                            -37.51067959
                        ],
                        [
                            178.40545496,
                            -37.51072826
                        ],
                        [
                            178.40432579,
                            -37.51077693
                        ],
                        [
                            178.40319662,
                            -37.51082558
                        ],
                        [
                            178.40206745,
                            -37.51087422
                        ],
                        [
                            178.40093828,
                            -37.51092286
                        ],
                        [
                            178.3998091,
                            -37.51097148
                        ],
                        [
                            178.39867992,
                            -37.51102009
                        ],
                        [
                            178.39755074,
                            -37.51106869
                        ],
                        [
                            178.39642156,
                            -37.51111728
                        ],
                        [
                            178.39529237,
                            -37.51116586
                        ],
                        [
                            178.39416319,
                            -37.51121442
                        ],
                        [
                            178.393034,
                            -37.51126298
                        ],
                        [
                            178.39190481,
                            -37.51131153
                        ],
                        [
                            178.39077562,
                            -37.51136006
                        ],
                        [
                            178.38964643,
                            -37.51140858
                        ],
                        [
                            178.38851724,
                            -37.5114571
                        ],
                        [
                            178.38738804,
                            -37.5115056
                        ],
                        [
                            178.38625884,
                            -37.51155409
                        ],
                        [
                            178.38512964,
                            -37.51160257
                        ],
                        [
                            178.38400045,
                            -37.51165104
                        ],
                        [
                            178.38287124,
                            -37.51169949
                        ],
                        [
                            178.38174204,
                            -37.51174794
                        ],
                        [
                            178.38061283,
                            -37.51179638
                        ],
                        [
                            178.37948363,
                            -37.5118448
                        ],
                        [
                            178.37835442,
                            -37.51189322
                        ],
                        [
                            178.37722521,
                            -37.51194162
                        ],
                        [
                            178.37609599,
                            -37.51199001
                        ],
                        [
                            178.37496678,
                            -37.51203839
                        ],
                        [
                            178.37383757,
                            -37.51208676
                        ],
                        [
                            178.37270835,
                            -37.51213512
                        ],
                        [
                            178.37157913,
                            -37.51218347
                        ],
                        [
                            178.37044991,
                            -37.51223181
                        ],
                        [
                            178.36932069,
                            -37.51228013
                        ],
                        [
                            178.36819146,
                            -37.51232845
                        ],
                        [
                            178.36706224,
                            -37.51237675
                        ],
                        [
                            178.36593301,
                            -37.51242505
                        ],
                        [
                            178.36480378,
                            -37.51247333
                        ],
                        [
                            178.36367455,
                            -37.5125216
                        ],
                        [
                            178.36254532,
                            -37.51256986
                        ],
                        [
                            178.36141608,
                            -37.51261811
                        ],
                        [
                            178.36028685,
                            -37.51266635
                        ],
                        [
                            178.35915761,
                            -37.51271458
                        ],
                        [
                            178.35802837,
                            -37.51276279
                        ],
                        [
                            178.35689913,
                            -37.512811
                        ],
                        [
                            178.35576989,
                            -37.51285919
                        ],
                        [
                            178.35464065,
                            -37.51290738
                        ],
                        [
                            178.3535114,
                            -37.51295555
                        ],
                        [
                            178.35238215,
                            -37.51300371
                        ],
                        [
                            178.3512529,
                            -37.51305186
                        ],
                        [
                            178.35012365,
                            -37.5131
                        ],
                        [
                            178.3489944,
                            -37.51314813
                        ],
                        [
                            178.34786515,
                            -37.51319625
                        ],
                        [
                            178.34673589,
                            -37.51324436
                        ],
                        [
                            178.34560663,
                            -37.51329245
                        ],
                        [
                            178.34447738,
                            -37.51334054
                        ],
                        [
                            178.34334811,
                            -37.51338861
                        ],
                        [
                            178.34221885,
                            -37.51343668
                        ],
                        [
                            178.34108959,
                            -37.51348473
                        ],
                        [
                            178.33996032,
                            -37.51353277
                        ],
                        [
                            178.33883106,
                            -37.5135808
                        ],
                        [
                            178.33770179,
                            -37.51362882
                        ],
                        [
                            178.33657252,
                            -37.51367683
                        ],
                        [
                            178.33544324,
                            -37.51372482
                        ],
                        [
                            178.33431397,
                            -37.51377281
                        ],
                        [
                            178.33318469,
                            -37.51382079
                        ],
                        [
                            178.33205542,
                            -37.51386875
                        ],
                        [
                            178.33092614,
                            -37.51391671
                        ],
                        [
                            178.32979686,
                            -37.51396465
                        ],
                        [
                            178.32871508,
                            -37.51401056
                        ],
                        [
                            178.32871508,
                            -37.51401056
                        ],
                        [
                            178.32844452,
                            -37.51488522
                        ],
                        [
                            178.32817395,
                            -37.51575988
                        ],
                        [
                            178.32790338,
                            -37.51663454
                        ],
                        [
                            178.3276328,
                            -37.5175092
                        ],
                        [
                            178.32736221,
                            -37.51838385
                        ],
                        [
                            178.32709162,
                            -37.51925851
                        ],
                        [
                            178.32682102,
                            -37.52013317
                        ],
                        [
                            178.32655042,
                            -37.52100782
                        ],
                        [
                            178.3262798,
                            -37.52188248
                        ],
                        [
                            178.32600919,
                            -37.52275713
                        ],
                        [
                            178.32573856,
                            -37.52363179
                        ],
                        [
                            178.32546793,
                            -37.52450644
                        ],
                        [
                            178.3251973,
                            -37.52538109
                        ],
                        [
                            178.32492665,
                            -37.52625575
                        ],
                        [
                            178.324656,
                            -37.5271304
                        ],
                        [
                            178.32438535,
                            -37.52800505
                        ],
                        [
                            178.32411469,
                            -37.5288797
                        ],
                        [
                            178.32384402,
                            -37.52975435
                        ],
                        [
                            178.32357335,
                            -37.530629
                        ],
                        [
                            178.32330267,
                            -37.53150365
                        ],
                        [
                            178.32303198,
                            -37.5323783
                        ],
                        [
                            178.32276129,
                            -37.53325295
                        ],
                        [
                            178.32249059,
                            -37.5341276
                        ],
                        [
                            178.32221988,
                            -37.53500224
                        ],
                        [
                            178.32194917,
                            -37.53587689
                        ],
                        [
                            178.32167845,
                            -37.53675154
                        ],
                        [
                            178.32140773,
                            -37.53762618
                        ],
                        [
                            178.321137,
                            -37.53850083
                        ],
                        [
                            178.32086626,
                            -37.53937547
                        ],
                        [
                            178.32059552,
                            -37.54025012
                        ],
                        [
                            178.32032477,
                            -37.54112476
                        ],
                        [
                            178.32005401,
                            -37.5419994
                        ],
                        [
                            178.31978325,
                            -37.54287405
                        ],
                        [
                            178.31951248,
                            -37.54374869
                        ],
                        [
                            178.31924171,
                            -37.54462333
                        ],
                        [
                            178.31897093,
                            -37.54549797
                        ],
                        [
                            178.31870014,
                            -37.54637261
                        ],
                        [
                            178.31842935,
                            -37.54724725
                        ],
                        [
                            178.31815855,
                            -37.54812189
                        ],
                        [
                            178.31788774,
                            -37.54899653
                        ],
                        [
                            178.31761693,
                            -37.54987117
                        ],
                        [
                            178.31734612,
                            -37.55074581
                        ],
                        [
                            178.31707529,
                            -37.55162044
                        ],
                        [
                            178.31680446,
                            -37.55249508
                        ],
                        [
                            178.31653362,
                            -37.55336972
                        ],
                        [
                            178.31626278,
                            -37.55424435
                        ],
                        [
                            178.31599193,
                            -37.55511899
                        ],
                        [
                            178.31572108,
                            -37.55599362
                        ],
                        [
                            178.31545021,
                            -37.55686826
                        ],
                        [
                            178.31517934,
                            -37.55774289
                        ]
                    ]
                ]
            },
            "properties": {}
        }
    ]
}