{
    "type": "FeatureCollection",
    "features": [
        {
            "type": "Feature",
            "geometry": {
                "type": "Polygon",
                "coordinates": [
                    [
                        [
                            167.71378631,
                            -46.23200735
                        ],
                        [
                            167.7135787,
                            -46.23093234
                        ],
                        [
                            167.7133711,
                            -46.22985732
                        ],
                        [
                            167.71316351,
                            -46.2287823
                        ],
                        [
                            167.71147301,
                            -46.22936277
                        ],
                        [
                            167.70978247,
                            -46.22994321
                        ],
                        [
                            167.70888272,
                            -46.22927732
                        ],
                        [
                            167.70798298,
                            -46.22861142
                        ],
                        [
                            167.70708327,
                            -46.22794551
                        ],
                        [
                            167.70551199,
                            -46.22803446
                        ],
                        [
                            167.70394071,
                            -46.22812339
                        ],
                        [
                            167.70236943,
                            -46.2282123
                        ],
                        [
                            167.7014645,
                            -46.22889026
                        ],
                        [
                            167.70055956,
                            -46.22956821
                        ],
                        [
                            167.69965459,
                            -46.23024615
                        ],
                        [
                            167.69874959,
                            -46.23092409
                        ],
                        [
                            167.69784458,
                            -46.23160202
                        ],
                        [
                            167.69693954,
                            -46.23227994
                        ],
                        [
                            167.69548003,
                            -46.23245796
                        ],
                        [
                            167.69402051,
                            -46.23263597
                        ],
                        [
                            167.69256097,
                            -46.23281395
                        ],
                        [
                            167.69110143,
                            -46.23299192
                        ],
                        [
                            167.68983689,
                            -46.23262812
                        ],
                        [
                            167.68857236,
                            -46.2322643
                        ],
                        [
                            167.68730785,
                            -46.23190047
                        ],
                        [
                            167.68604335,
                            -46.23153662
                        ],
                        [
                            167.68477888,
                            -46.23117276
                        ],
                        [
                            167.68405636,
                            -46.23030321
                        ],
                        [
                            167.68333387,
                            -46.22943366
                        ],
                        [
                            167.68250887,
                            -46.22855975
                        ],
                        [
                            167.6816839,
                            -46.22768583
                        ],
                        [
                            167.68085895,
                            -46.2268119
                        ],
                        [
                            167.68003403,
                            -46.22593797
                        ],
                        [
                            167.67920914,
                            -46.22506403
                        ],
                        [
                            167.67950677,
                            -46.22418238
                        ],
                        [
                            167.67980439,
                            -46.22330074
                        ],
                        [
                            167.68010201,
                            -46.22241909
                        ],
                        [
                            167.68039961,
                            -46.22153744
                        ],
                        [
                            167.68069721,
                            -46.22065579
                        ],
                        [
                            167.68093464,
                            -46.21976076
                        ],
                        [
                            167.68117207,
                            -46.21886574
                        ],
                        [
                            167.68140948,
                            -46.21797071
                        ],
                        [
                            167.68164689,
                            -46.21707569
                        ],
                        [
                            167.68188429,
                            -46.21618066
                        ],
                        [
                            167.68212169,
                            -46.21528563
                        ],
                        [
                            167.68235907,
                            -46.2143906
                        ],
                        [
                            167.68322727,
                            -46.21358381
                        ],
                        [
                            167.68409545,
                            -46.212777
                        ],
                        [
                            167.68496361,
                            -46.21197019
                        ],
                        [
                            167.68583174,
                            -46.21116337
                        ],
                        [
                            167.68669984,
                            -46.21035655
                        ],
                        [
                            167.68756791,
                            -46.20954972
                        ],
                        [
                            167.68843597,
                            -46.20874288
                        ],
                        [
                            167.68930399,
                            -46.20793604
                        ],
                        [
                            167.6887678,
                            -46.20730581
                        ],
                        [
                            167.68823163,
                            -46.20667558
                        ],
                        [
                            167.68764054,
                            -46.20620815
                        ],
                        [
                            167.68704947,
                            -46.20574072
                        ],
                        [
                            167.6868782,
                            -46.20460355
                        ],
                        [
                            167.68670693,
                            -46.20346637
                        ],
                        [
                            167.68574907,
                            -46.20267936
                        ],
                        [
                            167.68479124,
                            -46.20189233
                        ],
                        [
                            167.68434263,
                            -46.20075181
                        ],
                        [
                            167.68389403,
                            -46.19961129
                        ],
                        [
                            167.68344545,
                            -46.19847076
                        ],
                        [
                            167.68323969,
                            -46.19756158
                        ],
                        [
                            167.68303394,
                            -46.1966524
                        ],
                        [
                            167.6828282,
                            -46.19574321
                        ],
                        [
                            167.68362917,
                            -46.19481522
                        ],
                        [
                            167.68443011,
                            -46.19388722
                        ],
                        [
                            167.6854006,
                            -46.19318175
                        ],
                        [
                            167.68637106,
                            -46.19247626
                        ],
                        [
                            167.68734149,
                            -46.19177077
                        ],
                        [
                            167.68831191,
                            -46.19106527
                        ],
                        [
                            167.68928229,
                            -46.19035976
                        ],
                        [
                            167.68970441,
                            -46.18940913
                        ],
                        [
                            167.69012651,
                            -46.1884585
                        ],
                        [
                            167.69054859,
                            -46.18750787
                        ],
                        [
                            167.69097066,
                            -46.18655723
                        ],
                        [
                            167.69139272,
                            -46.18560659
                        ],
                        [
                            167.69091828,
                            -46.184318
                        ],
                        [
                            167.69044387,
                            -46.18302941
                        ],
                        [
                            167.69052801,
                            -46.18191753
                        ],
                        [
                            167.69061215,
                            -46.18080564
                        ],
                        [
                            167.69069629,
                            -46.17969376
                        ],
                        [
                            167.69078043,
                            -46.17858188
                        ],
                        [
                            167.69044982,
                            -46.17766464
                        ],
                        [
                            167.69011923,
                            -46.1767474
                        ],
                        [
                            167.68978865,
                            -46.17583016
                        ],
                        [
                            167.68945809,
                            -46.17491292
                        ],
                        [
                            167.68912753,
                            -46.17399568
                        ],
                        [
                            167.68879698,
                            -46.17307843
                        ],
                        [
                            167.69007008,
                            -46.17278337
                        ],
                        [
                            167.69134317,
                            -46.17248829
                        ],
                        [
                            167.69261624,
                            -46.1721932
                        ],
                        [
                            167.69255001,
                            -46.17142108
                        ],
                        [
                            167.69248379,
                            -46.17064896
                        ],
                        [
                            167.69326266,
                            -46.16988291
                        ],
                        [
                            167.69404151,
                            -46.16911685
                        ],
                        [
                            167.69482034,
                            -46.16835079
                        ],
                        [
                            167.69559915,
                            -46.16758472
                        ],
                        [
                            167.69637794,
                            -46.16681865
                        ],
                        [
                            167.69715671,
                            -46.16605257
                        ],
                        [
                            167.69793545,
                            -46.16528649
                        ],
                        [
                            167.69871418,
                            -46.1645204
                        ],
                        [
                            167.69949288,
                            -46.1637543
                        ],
                        [
                            167.70082652,
                            -46.16330162
                        ],
                        [
                            167.70216014,
                            -46.16284892
                        ],
                        [
                            167.70349374,
                            -46.1623962
                        ],
                        [
                            167.70512288,
                            -46.16198881
                        ],
                        [
                            167.70675199,
                            -46.1615814
                        ],
                        [
                            167.70735464,
                            -46.16031061
                        ],
                        [
                            167.70795727,
                            -46.15903981
                        ],
                        [
                            167.70650385,
                            -46.15929491
                        ],
                        [
                            167.70505042,
                            -46.15954998
                        ],
                        [
                            167.70359698,
                            -46.15980504
                        ],
                        [
                            167.70413275,
                            -46.15925231
                        ],
                        [
                            167.70466851,
                            -46.15869957
                        ],
                        [
                            167.70562303,
                            -46.15800087
                        ],
                        [
                            167.70657753,
                            -46.15730215
                        ],
                        [
                            167.70753201,
                            -46.15660343
                        ],
                        [
                            167.70848646,
                            -46.1559047
                        ],
                        [
                            167.70944089,
                            -46.15520596
                        ],
                        [
                            167.71039529,
                            -46.15450722
                        ],
                        [
                            167.71134967,
                            -46.15380846
                        ],
                        [
                            167.71253196,
                            -46.15299633
                        ],
                        [
                            167.71371422,
                            -46.15218419
                        ],
                        [
                            167.71339002,
                            -46.15120822
                        ],
                        [
                            167.71306583,
                            -46.15023225
                        ],
                        [
                            167.7134793,
                            -46.14925737
                        ],
                        [
                            167.71389276,
                            -46.1482825
                        ],
                        [
                            167.7143062,
                            -46.14730762
                        ],
                        [
                            167.7145419,
                            -46.14626066
                        ],
                        [
                            167.7147776,
                            -46.14521371
                        ],
                        [
                            167.71501328,
                            -46.14416675
                        ],
                        [
                            167.71524895,
                            -46.14311979
                        ],
                        [
                            167.71548462,
                            -46.14207283
                        ],
                        [
                            167.71605793,
                            -46.14111314
                        ],
                        [
                            167.71663122,
                            -46.14015345
                        ],
                        [
                            167.71720449,
                            -46.13919375
                        ],
                        [
                            167.71777774,
                            -46.13823405
                        ],
                        [
                            167.71791263,
                            -46.13727871
                        ],
                        [
                            167.71804751,
                            -46.13632336
                        ],
                        [
                            167.71818238,
                            -46.13536801
                        ],
                        [
                            167.71831725,
                            -46.13441266
                        ],
                        [
                            167.71845212,
                            -46.13345731
                        ],
                        [
                            167.71858698,
                            -46.13250196
                        ],
                        [
                            167.71815837,
                            -46.13190587
                        ],
                        [
                            167.71772976,
                            -46.13130978
                        ],
                        [
                            167.71769882,
                            -46.1301547
                        ],
                        [
                            167.71676836,
                            -46.12900729
                        ],
                        [
                            167.71583794,
                            -46.12785987
                        ],
                        [
                            167.7150251,
                            -46.12767913
                        ],
                        [
                            167.71421226,
                            -46.12749839
                        ],
                        [
                            167.71234888,
                            -46.1274627
                        ],
                        [
                            167.71048551,
                            -46.12742698
                        ],
                        [
                            167.70946412,
                            -46.12651577
                        ],
                        [
                            167.70942444,
                            -46.12545643
                        ],
                        [
                            167.71119904,
                            -46.1249594
                        ],
                        [
                            167.71297361,
                            -46.12446234
                        ],
                        [
                            167.71400739,
                            -46.12375342
                        ],
                        [
                            167.71504114,
                            -46.12304448
                        ],
                        [
                            167.71607487,
                            -46.12233554
                        ],
                        [
                            167.71710856,
                            -46.12162659
                        ],
                        [
                            167.71814224,
                            -46.12091763
                        ],
                        [
                            167.71917588,
                            -46.12020865
                        ],
                        [
                            167.7202095,
                            -46.11949967
                        ],
                        [
                            167.72112447,
                            -46.11857934
                        ],
                        [
                            167.7220394,
                            -46.117659
                        ],
                        [
                            167.72177075,
                            -46.11682975
                        ],
                        [
                            167.72150212,
                            -46.11600049
                        ],
                        [
                            167.72198178,
                            -46.11530097
                        ],
                        [
                            167.72246143,
                            -46.11460144
                        ],
                        [
                            167.72367972,
                            -46.11388699
                        ],
                        [
                            167.72489799,
                            -46.11317252
                        ],
                        [
                            167.72611622,
                            -46.11245804
                        ],
                        [
                            167.7268156,
                            -46.11162414
                        ],
                        [
                            167.72751496,
                            -46.11079024
                        ],
                        [
                            167.72855844,
                            -46.10997176
                        ],
                        [
                            167.72960189,
                            -46.10915327
                        ],
                        [
                            167.73117084,
                            -46.10912744
                        ],
                        [
                            167.7327398,
                            -46.10910159
                        ],
                        [
                            167.73430875,
                            -46.10907572
                        ],
                        [
                            167.73558309,
                            -46.10874822
                        ],
                        [
                            167.73685742,
                            -46.10842071
                        ],
                        [
                            167.73813173,
                            -46.10809318
                        ],
                        [
                            167.73940603,
                            -46.10776563
                        ],
                        [
                            167.74068031,
                            -46.10743808
                        ],
                        [
                            167.74150378,
                            -46.10675386
                        ],
                        [
                            167.74232723,
                            -46.10606963
                        ],
                        [
                            167.74398097,
                            -46.10537445
                        ],
                        [
                            167.74563466,
                            -46.10467924
                        ],
                        [
                            167.74713298,
                            -46.10416935
                        ],
                        [
                            167.74863128,
                            -46.10365944
                        ],
                        [
                            167.7497178,
                            -46.10308406
                        ],
                        [
                            167.75080429,
                            -46.10250868
                        ],
                        [
                            167.75189076,
                            -46.10193329
                        ],
                        [
                            167.75297721,
                            -46.10135788
                        ],
                        [
                            167.75406364,
                            -46.10078247
                        ],
                        [
                            167.75515005,
                            -46.10020704
                        ],
                        [
                            167.7563947,
                            -46.10052857
                        ],
                        [
                            167.75763938,
                            -46.10085009
                        ],
                        [
                            167.75888406,
                            -46.1011716
                        ],
                        [
                            167.76012877,
                            -46.10149309
                        ],
                        [
                            167.76064889,
                            -46.10056366
                        ],
                        [
                            167.76116901,
                            -46.09963423
                        ],
                        [
                            167.7616891,
                            -46.0987048
                        ],
                        [
                            167.76220918,
                            -46.09777536
                        ],
                        [
                            167.76272924,
                            -46.09684592
                        ],
                        [
                            167.76324928,
                            -46.09591647
                        ],
                        [
                            167.76434095,
                            -46.09536836
                        ],
                        [
                            167.7654326,
                            -46.09482023
                        ],
                        [
                            167.76652422,
                            -46.0942721
                        ],
                        [
                            167.76761583,
                            -46.09372395
                        ],
                        [
                            167.76870741,
                            -46.0931758
                        ],
                        [
                            167.76849455,
                            -46.09228062
                        ],
                        [
                            167.7682817,
                            -46.09138545
                        ],
                        [
                            167.76806886,
                            -46.09049028
                        ],
                        [
                            167.76785602,
                            -46.0895951
                        ],
                        [
                            167.76900829,
                            -46.08904778
                        ],
                        [
                            167.77016053,
                            -46.08850045
                        ],
                        [
                            167.77131275,
                            -46.0879531
                        ],
                        [
                            167.77246495,
                            -46.08740575
                        ],
                        [
                            167.77361712,
                            -46.08685838
                        ],
                        [
                            167.77475168,
                            -46.08633923
                        ],
                        [
                            167.77588621,
                            -46.08582007
                        ],
                        [
                            167.77702073,
                            -46.0853009
                        ],
                        [
                            167.77815522,
                            -46.08478172
                        ],
                        [
                            167.77928969,
                            -46.08426252
                        ],
                        [
                            167.78042415,
                            -46.08374332
                        ],
                        [
                            167.78155858,
                            -46.0832241
                        ],
                        [
                            167.78257777,
                            -46.08393106
                        ],
                        [
                            167.78359698,
                            -46.08463801
                        ],
                        [
                            167.78461623,
                            -46.08534496
                        ],
                        [
                            167.7856355,
                            -46.08605189
                        ],
                        [
                            167.78696532,
                            -46.08621714
                        ],
                        [
                            167.78829514,
                            -46.08638238
                        ],
                        [
                            167.78962498,
                            -46.0865476
                        ],
                        [
                            167.79095482,
                            -46.0867128
                        ],
                        [
                            167.79084678,
                            -46.08775698
                        ],
                        [
                            167.79073874,
                            -46.08880116
                        ],
                        [
                            167.79063069,
                            -46.08984534
                        ],
                        [
                            167.79052264,
                            -46.09088952
                        ],
                        [
                            167.79041458,
                            -46.0919337
                        ],
                        [
                            167.79178647,
                            -46.09183424
                        ],
                        [
                            167.79315835,
                            -46.09173476
                        ],
                        [
                            167.79453023,
                            -46.09163527
                        ],
                        [
                            167.79447331,
                            -46.09061191
                        ],
                        [
                            167.79441639,
                            -46.08958855
                        ],
                        [
                            167.79435947,
                            -46.08856519
                        ],
                        [
                            167.79430256,
                            -46.08754183
                        ],
                        [
                            167.79424564,
                            -46.08651846
                        ],
                        [
                            167.79418873,
                            -46.0854951
                        ],
                        [
                            167.79489729,
                            -46.08474027
                        ],
                        [
                            167.79560584,
                            -46.08398543
                        ],
                        [
                            167.79631436,
                            -46.08323058
                        ],
                        [
                            167.79702286,
                            -46.08247574
                        ],
                        [
                            167.7983757,
                            -46.08217681
                        ],
                        [
                            167.79972852,
                            -46.08187787
                        ],
                        [
                            167.80108133,
                            -46.08157892
                        ],
                        [
                            167.80235455,
                            -46.08110527
                        ],
                        [
                            167.80362774,
                            -46.08063161
                        ],
                        [
                            167.80490091,
                            -46.08015793
                        ],
                        [
                            167.80617406,
                            -46.07968423
                        ],
                        [
                            167.80744719,
                            -46.07921053
                        ],
                        [
                            167.80887466,
                            -46.07895311
                        ],
                        [
                            167.81030211,
                            -46.07869567
                        ],
                        [
                            167.81172955,
                            -46.07843821
                        ],
                        [
                            167.81176475,
                            -46.07736814
                        ],
                        [
                            167.81179996,
                            -46.07629807
                        ],
                        [
                            167.81183516,
                            -46.075228
                        ],
                        [
                            167.81187036,
                            -46.07415793
                        ],
                        [
                            167.81299517,
                            -46.07336266
                        ],
                        [
                            167.81411995,
                            -46.07256737
                        ],
                        [
                            167.8152447,
                            -46.07177208
                        ],
                        [
                            167.81642063,
                            -46.07131749
                        ],
                        [
                            167.81759653,
                            -46.07086289
                        ],
                        [
                            167.81877242,
                            -46.07040827
                        ],
                        [
                            167.81994829,
                            -46.06995365
                        ],
                        [
                            167.8203876,
                            -46.07046815
                        ],
                        [
                            167.82082692,
                            -46.07098265
                        ],
                        [
                            167.82213261,
                            -46.07083387
                        ],
                        [
                            167.8234383,
                            -46.07068507
                        ],
                        [
                            167.82474398,
                            -46.07053626
                        ],
                        [
                            167.82604966,
                            -46.07038744
                        ],
                        [
                            167.82735533,
                            -46.07023859
                        ],
                        [
                            167.82866099,
                            -46.07008974
                        ],
                        [
                            167.82996664,
                            -46.06994087
                        ],
                        [
                            167.83127229,
                            -46.06979198
                        ],
                        [
                            167.83257793,
                            -46.06964308
                        ],
                        [
                            167.83388356,
                            -46.06949416
                        ],
                        [
                            167.83510098,
                            -46.07005724
                        ],
                        [
                            167.83631842,
                            -46.0706203
                        ],
                        [
                            167.83753589,
                            -46.07118335
                        ],
                        [
                            167.83773735,
                            -46.07219393
                        ],
                        [
                            167.83793882,
                            -46.07320452
                        ],
                        [
                            167.83814029,
                            -46.0742151
                        ],
                        [
                            167.83834177,
                            -46.07522568
                        ],
                        [
                            167.83871866,
                            -46.07621917
                        ],
                        [
                            167.83909556,
                            -46.07721265
                        ],
                        [
                            167.83947247,
                            -46.07820613
                        ],
                        [
                            167.8398494,
                            -46.07919961
                        ],
                        [
                            167.83931414,
                            -46.08007007
                        ],
                        [
                            167.83877885,
                            -46.08094054
                        ],
                        [
                            167.83824356,
                            -46.081811
                        ],
                        [
                            167.83770824,
                            -46.08268146
                        ],
                        [
                            167.83717291,
                            -46.08355192
                        ],
                        [
                            167.83663756,
                            -46.08442237
                        ],
                        [
                            167.83630675,
                            -46.08532846
                        ],
                        [
                            167.83597593,
                            -46.08623455
                        ],
                        [
                            167.8356451,
                            -46.08714064
                        ],
                        [
                            167.83531426,
                            -46.08804673
                        ],
                        [
                            167.83498341,
                            -46.08895282
                        ],
                        [
                            167.83465255,
                            -46.08985891
                        ],
                        [
                            167.83456673,
                            -46.0908152
                        ],
                        [
                            167.83448091,
                            -46.0917715
                        ],
                        [
                            167.83439509,
                            -46.0927278
                        ],
                        [
                            167.83430926,
                            -46.0936841
                        ],
                        [
                            167.83422343,
                            -46.09464039
                        ],
                        [
                            167.8341376,
                            -46.09559669
                        ],
                        [
                            167.83405177,
                            -46.09655298
                        ],
                        [
                            167.83396593,
                            -46.09750928
                        ],
                        [
                            167.83513912,
                            -46.09793108
                        ],
                        [
                            167.83631234,
                            -46.09835286
                        ],
                        [
                            167.83748557,
                            -46.09877463
                        ],
                        [
                            167.83819743,
                            -46.09778432
                        ],
                        [
                            167.83890927,
                            -46.09679401
                        ],
                        [
                            167.83962108,
                            -46.09580369
                        ],
                        [
                            167.84033286,
                            -46.09481337
                        ],
                        [
                            167.84165833,
                            -46.09474324
                        ],
                        [
                            167.8429838,
                            -46.0946731
                        ],
                        [
                            167.84377961,
                            -46.09390319
                        ],
                        [
                            167.8445754,
                            -46.09313328
                        ],
                        [
                            167.84537117,
                            -46.09236336
                        ],
                        [
                            167.84616691,
                            -46.09159344
                        ],
                        [
                            167.84696263,
                            -46.0908235
                        ],
                        [
                            167.84776432,
                            -46.09009605
                        ],
                        [
                            167.84856598,
                            -46.0893686
                        ],
                        [
                            167.84936762,
                            -46.08864113
                        ],
                        [
                            167.85016924,
                            -46.08791367
                        ],
                        [
                            167.85097084,
                            -46.08718619
                        ],
                        [
                            167.85177242,
                            -46.08645871
                        ],
                        [
                            167.85321467,
                            -46.08644337
                        ],
                        [
                            167.85465692,
                            -46.08642801
                        ],
                        [
                            167.85609917,
                            -46.08641264
                        ],
                        [
                            167.85754142,
                            -46.08639724
                        ],
                        [
                            167.85898367,
                            -46.08638183
                        ],
                        [
                            167.86042592,
                            -46.0863664
                        ],
                        [
                            167.86117091,
                            -46.08718753
                        ],
                        [
                            167.86191591,
                            -46.08800865
                        ],
                        [
                            167.86266094,
                            -46.08882977
                        ],
                        [
                            167.86406378,
                            -46.08827218
                        ],
                        [
                            167.8654666,
                            -46.08771456
                        ],
                        [
                            167.86686938,
                            -46.08715693
                        ],
                        [
                            167.86841249,
                            -46.08748649
                        ],
                        [
                            167.86995562,
                            -46.08781603
                        ],
                        [
                            167.87149877,
                            -46.08814554
                        ],
                        [
                            167.87252484,
                            -46.08723246
                        ],
                        [
                            167.87355088,
                            -46.08631937
                        ],
                        [
                            167.87457688,
                            -46.08540627
                        ],
                        [
                            167.87588111,
                            -46.08573981
                        ],
                        [
                            167.87718535,
                            -46.08607333
                        ],
                        [
                            167.87848961,
                            -46.08640684
                        ],
                        [
                            167.87897051,
                            -46.08545119
                        ],
                        [
                            167.87945139,
                            -46.08449553
                        ],
                        [
                            167.87838768,
                            -46.08384176
                        ],
                        [
                            167.877324,
                            -46.08318798
                        ],
                        [
                            167.87626035,
                            -46.08253419
                        ],
                        [
                            167.87519672,
                            -46.08188038
                        ],
                        [
                            167.87413312,
                            -46.08122657
                        ],
                        [
                            167.87344596,
                            -46.08045233
                        ],
                        [
                            167.87275882,
                            -46.07967809
                        ],
                        [
                            167.87207171,
                            -46.07890384
                        ],
                        [
                            167.87138461,
                            -46.07812959
                        ],
                        [
                            167.87069753,
                            -46.07735534
                        ],
                        [
                            167.87001047,
                            -46.07658108
                        ],
                        [
                            167.86932343,
                            -46.07580682
                        ],
                        [
                            167.86863641,
                            -46.07503255
                        ],
                        [
                            167.8683801,
                            -46.07413467
                        ],
                        [
                            167.86812379,
                            -46.07323679
                        ],
                        [
                            167.86786749,
                            -46.0723389
                        ],
                        [
                            167.86761121,
                            -46.07144102
                        ],
                        [
                            167.86735492,
                            -46.07054314
                        ],
                        [
                            167.86709865,
                            -46.06964525
                        ],
                        [
                            167.86684239,
                            -46.06874737
                        ],
                        [
                            167.86658613,
                            -46.06784948
                        ],
                        [
                            167.86632989,
                            -46.06695159
                        ],
                        [
                            167.86607365,
                            -46.0660537
                        ],
                        [
                            167.86581742,
                            -46.06515582
                        ],
                        [
                            167.8646275,
                            -46.06458489
                        ],
                        [
                            167.86343761,
                            -46.06401396
                        ],
                        [
                            167.86224775,
                            -46.06344301
                        ],
                        [
                            167.8610579,
                            -46.06287204
                        ],
                        [
                            167.85986809,
                            -46.06230107
                        ],
                        [
                            167.85928826,
                            -46.06134412
                        ],
                        [
                            167.85870846,
                            -46.06038717
                        ],
                        [
                            167.85812867,
                            -46.05943021
                        ],
                        [
                            167.85839333,
                            -46.05854014
                        ],
                        [
                            167.85865797,
                            -46.05765006
                        ],
                        [
                            167.8589226,
                            -46.05675999
                        ],
                        [
                            167.85918723,
                            -46.05586991
                        ],
                        [
                            167.85945185,
                            -46.05497983
                        ],
                        [
                            167.85822323,
                            -46.05452877
                        ],
                        [
                            167.85699464,
                            -46.05407769
                        ],
                        [
                            167.85576606,
                            -46.0536266
                        ],
                        [
                            167.85453751,
                            -46.05317549
                        ],
                        [
                            167.85371949,
                            -46.05414331
                        ],
                        [
                            167.85290144,
                            -46.05511112
                        ],
                        [
                            167.85208336,
                            -46.05607892
                        ],
                        [
                            167.85126526,
                            -46.05704671
                        ],
                        [
                            167.84985129,
                            -46.05695207
                        ],
                        [
                            167.84843732,
                            -46.05685741
                        ],
                        [
                            167.84766348,
                            -46.0561082
                        ],
                        [
                            167.84688966,
                            -46.05535899
                        ],
                        [
                            167.84611586,
                            -46.05460977
                        ],
                        [
                            167.84534209,
                            -46.05386055
                        ],
                        [
                            167.84420752,
                            -46.05280763
                        ],
                        [
                            167.843073,
                            -46.0517547
                        ],
                        [
                            167.84288605,
                            -46.05079379
                        ],
                        [
                            167.8426991,
                            -46.04983289
                        ],
                        [
                            167.84251216,
                            -46.04887199
                        ],
                        [
                            167.84232522,
                            -46.04791108
                        ],
                        [
                            167.842879,
                            -46.04709797
                        ],
                        [
                            167.84343276,
                            -46.04628486
                        ],
                        [
                            167.8439865,
                            -46.04547175
                        ],
                        [
                            167.84454023,
                            -46.04465864
                        ],
                        [
                            167.84509394,
                            -46.04384552
                        ],
                        [
                            167.84545648,
                            -46.04285267
                        ],
                        [
                            167.84581901,
                            -46.04185982
                        ],
                        [
                            167.84618153,
                            -46.04086696
                        ],
                        [
                            167.84654403,
                            -46.03987411
                        ],
                        [
                            167.84690653,
                            -46.03888125
                        ],
                        [
                            167.84557858,
                            -46.03837474
                        ],
                        [
                            167.84425065,
                            -46.03786822
                        ],
                        [
                            167.84340513,
                            -46.03886098
                        ],
                        [
                            167.84255957,
                            -46.03985373
                        ],
                        [
                            167.84171398,
                            -46.04084648
                        ],
                        [
                            167.84126596,
                            -46.04176317
                        ],
                        [
                            167.84081794,
                            -46.04267985
                        ],
                        [
                            167.84036989,
                            -46.04359653
                        ],
                        [
                            167.83992183,
                            -46.04451321
                        ],
                        [
                            167.83947376,
                            -46.04542989
                        ],
                        [
                            167.83902567,
                            -46.04634657
                        ],
                        [
                            167.83857757,
                            -46.04726324
                        ],
                        [
                            167.83812945,
                            -46.04817991
                        ],
                        [
                            167.83768132,
                            -46.04909658
                        ],
                        [
                            167.83723317,
                            -46.05001325
                        ],
                        [
                            167.83678501,
                            -46.05092992
                        ],
                        [
                            167.83633683,
                            -46.05184658
                        ],
                        [
                            167.83588864,
                            -46.05276324
                        ],
                        [
                            167.83480416,
                            -46.05362983
                        ],
                        [
                            167.83371965,
                            -46.05449641
                        ],
                        [
                            167.8326351,
                            -46.05536297
                        ],
                        [
                            167.83135619,
                            -46.05564678
                        ],
                        [
                            167.83007726,
                            -46.05593058
                        ],
                        [
                            167.82879832,
                            -46.05621436
                        ],
                        [
                            167.82751936,
                            -46.05649813
                        ],
                        [
                            167.8262404,
                            -46.05678188
                        ],
                        [
                            167.82584025,
                            -46.05771327
                        ],
                        [
                            167.82544009,
                            -46.05864466
                        ],
                        [
                            167.82503992,
                            -46.05957605
                        ],
                        [
                            167.82463973,
                            -46.06050743
                        ],
                        [
                            167.82350057,
                            -46.06097201
                        ],
                        [
                            167.82236138,
                            -46.06143657
                        ],
                        [
                            167.82122217,
                            -46.06190112
                        ],
                        [
                            167.82008294,
                            -46.06236566
                        ],
                        [
                            167.8189437,
                            -46.06283018
                        ],
                        [
                            167.81744098,
                            -46.06318213
                        ],
                        [
                            167.81593823,
                            -46.06353405
                        ],
                        [
                            167.81443547,
                            -46.06388595
                        ],
                        [
                            167.81293269,
                            -46.06423784
                        ],
                        [
                            167.81301258,
                            -46.06314767
                        ],
                        [
                            167.81309246,
                            -46.06205751
                        ],
                        [
                            167.81317235,
                            -46.06096734
                        ],
                        [
                            167.81325223,
                            -46.05987717
                        ],
                        [
                            167.8137251,
                            -46.05897494
                        ],
                        [
                            167.81419795,
                            -46.05807271
                        ],
                        [
                            167.81467079,
                            -46.05717047
                        ],
                        [
                            167.81514362,
                            -46.05626823
                        ],
                        [
                            167.81561642,
                            -46.05536599
                        ],
                        [
                            167.81608922,
                            -46.05446374
                        ],
                        [
                            167.816562,
                            -46.0535615
                        ],
                        [
                            167.81703476,
                            -46.05265925
                        ],
                        [
                            167.8175075,
                            -46.051757
                        ],
                        [
                            167.81835317,
                            -46.05099421
                        ],
                        [
                            167.81919881,
                            -46.05023141
                        ],
                        [
                            167.82004442,
                            -46.04946861
                        ],
                        [
                            167.82089001,
                            -46.0487058
                        ],
                        [
                            167.82173558,
                            -46.04794298
                        ],
                        [
                            167.82258113,
                            -46.04718016
                        ],
                        [
                            167.82342665,
                            -46.04641733
                        ],
                        [
                            167.82427215,
                            -46.04565449
                        ],
                        [
                            167.82511762,
                            -46.04489165
                        ],
                        [
                            167.82596307,
                            -46.0441288
                        ],
                        [
                            167.82648408,
                            -46.04322853
                        ],
                        [
                            167.82700506,
                            -46.04232825
                        ],
                        [
                            167.82752603,
                            -46.04142798
                        ],
                        [
                            167.82804698,
                            -46.0405277
                        ],
                        [
                            167.82856792,
                            -46.03962742
                        ],
                        [
                            167.82908883,
                            -46.03872713
                        ],
                        [
                            167.82960973,
                            -46.03782685
                        ],
                        [
                            167.83013062,
                            -46.03692656
                        ],
                        [
                            167.83091284,
                            -46.03616405
                        ],
                        [
                            167.83169504,
                            -46.03540153
                        ],
                        [
                            167.83247722,
                            -46.03463901
                        ],
                        [
                            167.83325938,
                            -46.03387649
                        ],
                        [
                            167.83404152,
                            -46.03311396
                        ],
                        [
                            167.83482364,
                            -46.03235142
                        ],
                        [
                            167.83560573,
                            -46.03158888
                        ],
                        [
                            167.83638781,
                            -46.03082633
                        ],
                        [
                            167.83716986,
                            -46.03006378
                        ],
                        [
                            167.83795189,
                            -46.02930122
                        ],
                        [
                            167.8387339,
                            -46.02853866
                        ],
                        [
                            167.83951589,
                            -46.02777609
                        ],
                        [
                            167.84029785,
                            -46.02701351
                        ],
                        [
                            167.8410798,
                            -46.02625093
                        ],
                        [
                            167.84186172,
                            -46.02548835
                        ],
                        [
                            167.84264362,
                            -46.02472576
                        ],
                        [
                            167.84387656,
                            -46.02524363
                        ],
                        [
                            167.84510951,
                            -46.02576149
                        ],
                        [
                            167.84634249,
                            -46.02627933
                        ],
                        [
                            167.84648547,
                            -46.02720853
                        ],
                        [
                            167.84662846,
                            -46.02813772
                        ],
                        [
                            167.84677145,
                            -46.02906692
                        ],
                        [
                            167.84691444,
                            -46.02999612
                        ],
                        [
                            167.84705744,
                            -46.03092531
                        ],
                        [
                            167.84720045,
                            -46.03185451
                        ],
                        [
                            167.84782949,
                            -46.03289363
                        ],
                        [
                            167.84845855,
                            -46.03393276
                        ],
                        [
                            167.84908764,
                            -46.03497187
                        ],
                        [
                            167.85051224,
                            -46.03467779
                        ],
                        [
                            167.85193682,
                            -46.03438368
                        ],
                        [
                            167.85336138,
                            -46.03408956
                        ],
                        [
                            167.85478593,
                            -46.03379542
                        ],
                        [
                            167.85621046,
                            -46.03350126
                        ],
                        [
                            167.8570852,
                            -46.03280199
                        ],
                        [
                            167.85795992,
                            -46.03210272
                        ],
                        [
                            167.85883462,
                            -46.03140343
                        ],
                        [
                            167.8597093,
                            -46.03070414
                        ],
                        [
                            167.86058395,
                            -46.03000485
                        ],
                        [
                            167.86145858,
                            -46.02930554
                        ],
                        [
                            167.8623332,
                            -46.02860623
                        ],
                        [
                            167.86320778,
                            -46.02790691
                        ],
                        [
                            167.8645886,
                            -46.02793107
                        ],
                        [
                            167.86596942,
                            -46.0279552
                        ],
                        [
                            167.86735024,
                            -46.02797932
                        ],
                        [
                            167.86873107,
                            -46.02800343
                        ],
                        [
                            167.87011189,
                            -46.02802752
                        ],
                        [
                            167.87149271,
                            -46.02805159
                        ],
                        [
                            167.87287354,
                            -46.02807564
                        ],
                        [
                            167.87425437,
                            -46.02809968
                        ],
                        [
                            167.87563519,
                            -46.0281237
                        ],
                        [
                            167.87701602,
                            -46.0281477
                        ],
                        [
                            167.87754453,
                            -46.02707331
                        ],
                        [
                            167.87807301,
                            -46.02599892
                        ],
                        [
                            167.87697412,
                            -46.02545592
                        ],
                        [
                            167.87587525,
                            -46.02491291
                        ],
                        [
                            167.8747764,
                            -46.0243699
                        ],
                        [
                            167.87367757,
                            -46.02382687
                        ],
                        [
                            167.87257877,
                            -46.02328383
                        ],
                        [
                            167.87147998,
                            -46.02274078
                        ],
                        [
                            167.87038122,
                            -46.02219772
                        ],
                        [
                            167.86928248,
                            -46.02165465
                        ],
                        [
                            167.86818376,
                            -46.02111157
                        ],
                        [
                            167.86708506,
                            -46.02056848
                        ],
                        [
                            167.86598639,
                            -46.02002538
                        ],
                        [
                            167.86488773,
                            -46.01948227
                        ],
                        [
                            167.86399825,
                            -46.01879487
                        ],
                        [
                            167.86310879,
                            -46.01810746
                        ],
                        [
                            167.86221935,
                            -46.01742004
                        ],
                        [
                            167.86132994,
                            -46.01673261
                        ],
                        [
                            167.86044055,
                            -46.01604518
                        ],
                        [
                            167.85955118,
                            -46.01535774
                        ],
                        [
                            167.85866183,
                            -46.0146703
                        ],
                        [
                            167.8577725,
                            -46.01398284
                        ],
                        [
                            167.8568832,
                            -46.01329538
                        ],
                        [
                            167.85599391,
                            -46.01260792
                        ],
                        [
                            167.85510465,
                            -46.01192044
                        ],
                        [
                            167.85421541,
                            -46.01123296
                        ],
                        [
                            167.8533262,
                            -46.01054547
                        ],
                        [
                            167.85438673,
                            -46.00991266
                        ],
                        [
                            167.85544724,
                            -46.00927984
                        ],
                        [
                            167.85650773,
                            -46.00864701
                        ],
                        [
                            167.8575682,
                            -46.00801417
                        ],
                        [
                            167.85718881,
                            -46.00711063
                        ],
                        [
                            167.85680943,
                            -46.0062071
                        ],
                        [
                            167.85643007,
                            -46.00530356
                        ],
                        [
                            167.85605072,
                            -46.00440001
                        ],
                        [
                            167.85567139,
                            -46.00349647
                        ],
                        [
                            167.85529206,
                            -46.00259293
                        ],
                        [
                            167.85491275,
                            -46.00168938
                        ],
                        [
                            167.85354893,
                            -46.00151089
                        ],
                        [
                            167.85218513,
                            -46.00133239
                        ],
                        [
                            167.85082133,
                            -46.00115386
                        ],
                        [
                            167.84945755,
                            -46.00097533
                        ],
                        [
                            167.84809377,
                            -46.00079677
                        ],
                        [
                            167.84673,
                            -46.0006182
                        ],
                        [
                            167.84536624,
                            -46.00043962
                        ],
                        [
                            167.84595637,
                            -45.99955217
                        ],
                        [
                            167.84654647,
                            -45.99866472
                        ],
                        [
                            167.84713656,
                            -45.99777727
                        ],
                        [
                            167.84772663,
                            -45.99688982
                        ],
                        [
                            167.84831668,
                            -45.99600236
                        ],
                        [
                            167.84710815,
                            -45.99527725
                        ],
                        [
                            167.84589965,
                            -45.99455212
                        ],
                        [
                            167.84469119,
                            -45.99382699
                        ],
                        [
                            167.84348275,
                            -45.99310184
                        ],
                        [
                            167.84387618,
                            -45.99224387
                        ],
                        [
                            167.8442696,
                            -45.9913859
                        ],
                        [
                            167.844663,
                            -45.99052793
                        ],
                        [
                            167.8450564,
                            -45.98966996
                        ],
                        [
                            167.84544978,
                            -45.98881199
                        ],
                        [
                            167.84584314,
                            -45.98795402
                        ],
                        [
                            167.8462365,
                            -45.98709604
                        ],
                        [
                            167.84662984,
                            -45.98623806
                        ],
                        [
                            167.84702317,
                            -45.98538008
                        ],
                        [
                            167.84741649,
                            -45.9845221
                        ],
                        [
                            167.8478098,
                            -45.98366412
                        ],
                        [
                            167.84820309,
                            -45.98280614
                        ],
                        [
                            167.84859638,
                            -45.98194815
                        ],
                        [
                            167.84898965,
                            -45.98109017
                        ],
                        [
                            167.8493829,
                            -45.98023218
                        ],
                        [
                            167.84977615,
                            -45.97937419
                        ],
                        [
                            167.85016938,
                            -45.9785162
                        ],
                        [
                            167.84982247,
                            -45.97759995
                        ],
                        [
                            167.84947557,
                            -45.9766837
                        ],
                        [
                            167.84912868,
                            -45.97576745
                        ],
                        [
                            167.84878181,
                            -45.9748512
                        ],
                        [
                            167.84843494,
                            -45.97393494
                        ],
                        [
                            167.84866465,
                            -45.97301913
                        ],
                        [
                            167.84889435,
                            -45.97210332
                        ],
                        [
                            167.84912404,
                            -45.97118751
                        ],
                        [
                            167.84935373,
                            -45.9702717
                        ],
                        [
                            167.84958341,
                            -45.96935588
                        ],
                        [
                            167.84981308,
                            -45.96844007
                        ],
                        [
                            167.85004274,
                            -45.96752425
                        ],
                        [
                            167.85027239,
                            -45.96660844
                        ],
                        [
                            167.85050204,
                            -45.96569262
                        ],
                        [
                            167.85073168,
                            -45.96477681
                        ],
                        [
                            167.85140595,
                            -45.96392437
                        ],
                        [
                            167.85208019,
                            -45.96307193
                        ],
                        [
                            167.85275442,
                            -45.96221948
                        ],
                        [
                            167.85342862,
                            -45.96136703
                        ],
                        [
                            167.8541028,
                            -45.96051458
                        ],
                        [
                            167.85477696,
                            -45.95966212
                        ],
                        [
                            167.8554511,
                            -45.95880966
                        ],
                        [
                            167.85581147,
                            -45.95778292
                        ],
                        [
                            167.85617183,
                            -45.95675617
                        ],
                        [
                            167.85653218,
                            -45.95572943
                        ],
                        [
                            167.85686593,
                            -45.95482611
                        ],
                        [
                            167.85719967,
                            -45.95392279
                        ],
                        [
                            167.8575334,
                            -45.95301947
                        ],
                        [
                            167.85786712,
                            -45.95211615
                        ],
                        [
                            167.85820083,
                            -45.95121283
                        ],
                        [
                            167.85853453,
                            -45.9503095
                        ],
                        [
                            167.85713266,
                            -45.95016482
                        ],
                        [
                            167.8557308,
                            -45.95002013
                        ],
                        [
                            167.85432894,
                            -45.94987541
                        ],
                        [
                            167.8529271,
                            -45.94973068
                        ],
                        [
                            167.85141865,
                            -45.95002876
                        ],
                        [
                            167.84991019,
                            -45.95032683
                        ],
                        [
                            167.84840172,
                            -45.95062487
                        ],
                        [
                            167.84689323,
                            -45.95092289
                        ],
                        [
                            167.84562216,
                            -45.95063361
                        ],
                        [
                            167.8443511,
                            -45.95034433
                        ],
                        [
                            167.84308006,
                            -45.95005502
                        ],
                        [
                            167.84180903,
                            -45.94976571
                        ],
                        [
                            167.84053802,
                            -45.94947638
                        ],
                        [
                            167.83926701,
                            -45.94918703
                        ],
                        [
                            167.83918948,
                            -45.95025757
                        ],
                        [
                            167.83911195,
                            -45.9513281
                        ],
                        [
                            167.83903441,
                            -45.95239863
                        ],
                        [
                            167.83895687,
                            -45.95346916
                        ],
                        [
                            167.83964919,
                            -45.95441428
                        ],
                        [
                            167.84034153,
                            -45.9553594
                        ],
                        [
                            167.84103389,
                            -45.95630451
                        ],
                        [
                            167.84172628,
                            -45.95724962
                        ],
                        [
                            167.8424187,
                            -45.95819472
                        ],
                        [
                            167.84123699,
                            -45.95869979
                        ],
                        [
                            167.84005527,
                            -45.95920484
                        ],
                        [
                            167.83887352,
                            -45.95970988
                        ],
                        [
                            167.83769175,
                            -45.96021491
                        ],
                        [
                            167.83650996,
                            -45.96071992
                        ],
                        [
                            167.83532815,
                            -45.96122493
                        ],
                        [
                            167.83392148,
                            -45.96070114
                        ],
                        [
                            167.83251483,
                            -45.96017732
                        ],
                        [
                            167.83110821,
                            -45.9596535
                        ],
                        [
                            167.83042511,
                            -45.95888158
                        ],
                        [
                            167.82974203,
                            -45.95810966
                        ],
                        [
                            167.82905897,
                            -45.95733774
                        ],
                        [
                            167.82837593,
                            -45.95656581
                        ],
                        [
                            167.82769291,
                            -45.95579388
                        ],
                        [
                            167.8270099,
                            -45.95502194
                        ],
                        [
                            167.82632692,
                            -45.95425
                        ],
                        [
                            167.82564395,
                            -45.95347805
                        ],
                        [
                            167.824961,
                            -45.9527061
                        ],
                        [
                            167.82427808,
                            -45.95193415
                        ],
                        [
                            167.82359517,
                            -45.95116219
                        ],
                        [
                            167.82190531,
                            -45.95137163
                        ],
                        [
                            167.82021544,
                            -45.95158105
                        ],
                        [
                            167.82027041,
                            -45.9524827
                        ],
                        [
                            167.82032538,
                            -45.95338435
                        ],
                        [
                            167.82038035,
                            -45.95428599
                        ],
                        [
                            167.82043532,
                            -45.95518764
                        ],
                        [
                            167.8204903,
                            -45.95608928
                        ],
                        [
                            167.82054527,
                            -45.95699093
                        ],
                        [
                            167.82060025,
                            -45.95789258
                        ],
                        [
                            167.82065523,
                            -45.95879422
                        ],
                        [
                            167.82071022,
                            -45.95969587
                        ],
                        [
                            167.8207652,
                            -45.96059751
                        ],
                        [
                            167.82082018,
                            -45.96149916
                        ],
                        [
                            167.82087517,
                            -45.96240081
                        ],
                        [
                            167.82093016,
                            -45.96330245
                        ],
                        [
                            167.82098515,
                            -45.96420409
                        ],
                        [
                            167.82104014,
                            -45.96510574
                        ],
                        [
                            167.82154597,
                            -45.96606015
                        ],
                        [
                            167.82205181,
                            -45.96701455
                        ],
                        [
                            167.82255767,
                            -45.96796896
                        ],
                        [
                            167.82306355,
                            -45.96892336
                        ],
                        [
                            167.82405452,
                            -45.96820695
                        ],
                        [
                            167.82504547,
                            -45.96749054
                        ],
                        [
                            167.82603639,
                            -45.96677412
                        ],
                        [
                            167.82702728,
                            -45.96605768
                        ],
                        [
                            167.82763047,
                            -45.96686047
                        ],
                        [
                            167.82823368,
                            -45.96766326
                        ],
                        [
                            167.82883691,
                            -45.96846604
                        ],
                        [
                            167.82944015,
                            -45.96926882
                        ],
                        [
                            167.8299077,
                            -45.97015546
                        ],
                        [
                            167.83037526,
                            -45.97104209
                        ],
                        [
                            167.83084284,
                            -45.97192872
                        ],
                        [
                            167.83131043,
                            -45.97281535
                        ],
                        [
                            167.83177803,
                            -45.97370198
                        ],
                        [
                            167.83224565,
                            -45.9745886
                        ],
                        [
                            167.83271329,
                            -45.97547522
                        ],
                        [
                            167.83318094,
                            -45.97636185
                        ],
                        [
                            167.8336486,
                            -45.97724846
                        ],
                        [
                            167.83411628,
                            -45.97813508
                        ],
                        [
                            167.83440698,
                            -45.97915719
                        ],
                        [
                            167.8346977,
                            -45.9801793
                        ],
                        [
                            167.83498842,
                            -45.9812014
                        ],
                        [
                            167.83527915,
                            -45.98222351
                        ],
                        [
                            167.83556989,
                            -45.98324561
                        ],
                        [
                            167.83586065,
                            -45.98426772
                        ],
                        [
                            167.83562175,
                            -45.98515447
                        ],
                        [
                            167.83538286,
                            -45.98604122
                        ],
                        [
                            167.83514395,
                            -45.98692797
                        ],
                        [
                            167.83490503,
                            -45.98781472
                        ],
                        [
                            167.83466611,
                            -45.98870147
                        ],
                        [
                            167.83442718,
                            -45.98958822
                        ],
                        [
                            167.83418825,
                            -45.99047497
                        ],
                        [
                            167.8339493,
                            -45.99136172
                        ],
                        [
                            167.83371035,
                            -45.99224847
                        ],
                        [
                            167.83347139,
                            -45.99313521
                        ],
                        [
                            167.83323242,
                            -45.99402196
                        ],
                        [
                            167.83299344,
                            -45.99490871
                        ],
                        [
                            167.8339134,
                            -45.99561559
                        ],
                        [
                            167.83483337,
                            -45.99632247
                        ],
                        [
                            167.83575337,
                            -45.99702934
                        ],
                        [
                            167.83652631,
                            -45.99785339
                        ],
                        [
                            167.83729927,
                            -45.99867744
                        ],
                        [
                            167.83807226,
                            -45.99950148
                        ],
                        [
                            167.83884526,
                            -46.00032552
                        ],
                        [
                            167.83961829,
                            -46.00114955
                        ],
                        [
                            167.84039134,
                            -46.00197358
                        ],
                        [
                            167.84116442,
                            -46.0027976
                        ],
                        [
                            167.84193752,
                            -46.00362162
                        ],
                        [
                            167.841311,
                            -46.00453568
                        ],
                        [
                            167.84068446,
                            -46.00544973
                        ],
                        [
                            167.8400579,
                            -46.00636378
                        ],
                        [
                            167.83943132,
                            -46.00727783
                        ],
                        [
                            167.83880471,
                            -46.00819187
                        ],
                        [
                            167.83746133,
                            -46.00847472
                        ],
                        [
                            167.83611794,
                            -46.00875755
                        ],
                        [
                            167.83477453,
                            -46.00904036
                        ],
                        [
                            167.83380936,
                            -46.00831085
                        ],
                        [
                            167.8328442,
                            -46.00758133
                        ],
                        [
                            167.83187907,
                            -46.00685179
                        ],
                        [
                            167.83091397,
                            -46.00612226
                        ],
                        [
                            167.8299489,
                            -46.00539271
                        ],
                        [
                            167.82898384,
                            -46.00466315
                        ],
                        [
                            167.82801882,
                            -46.00393359
                        ],
                        [
                            167.82793957,
                            -46.00275075
                        ],
                        [
                            167.82786032,
                            -46.00156792
                        ],
                        [
                            167.82778108,
                            -46.00038508
                        ],
                        [
                            167.8275202,
                            -45.99927717
                        ],
                        [
                            167.82725932,
                            -45.99816927
                        ],
                        [
                            167.82638459,
                            -45.99746506
                        ],
                        [
                            167.82550988,
                            -45.99676084
                        ],
                        [
                            167.8246352,
                            -45.99605662
                        ],
                        [
                            167.82376053,
                            -45.99535239
                        ],
                        [
                            167.82404813,
                            -45.99435835
                        ],
                        [
                            167.82433571,
                            -45.99336431
                        ],
                        [
                            167.82462328,
                            -45.99237027
                        ],
                        [
                            167.82491084,
                            -45.99137623
                        ],
                        [
                            167.8251984,
                            -45.99038219
                        ],
                        [
                            167.82469095,
                            -45.98947988
                        ],
                        [
                            167.82418352,
                            -45.98857757
                        ],
                        [
                            167.82367611,
                            -45.98767526
                        ],
                        [
                            167.82316872,
                            -45.98677294
                        ],
                        [
                            167.82266134,
                            -45.98587062
                        ],
                        [
                            167.82215398,
                            -45.9849683
                        ],
                        [
                            167.82164663,
                            -45.98406598
                        ],
                        [
                            167.8211393,
                            -45.98316366
                        ],
                        [
                            167.82089235,
                            -45.98226824
                        ],
                        [
                            167.82064541,
                            -45.98137283
                        ],
                        [
                            167.82039848,
                            -45.98047742
                        ],
                        [
                            167.82015156,
                            -45.979582
                        ],
                        [
                            167.81990464,
                            -45.97868658
                        ],
                        [
                            167.81965773,
                            -45.97779117
                        ],
                        [
                            167.81861649,
                            -45.97711355
                        ],
                        [
                            167.81757528,
                            -45.97643592
                        ],
                        [
                            167.81653409,
                            -45.97575829
                        ],
                        [
                            167.81638167,
                            -45.97676449
                        ],
                        [
                            167.81622924,
                            -45.9777707
                        ],
                        [
                            167.8160768,
                            -45.9787769
                        ],
                        [
                            167.81592436,
                            -45.9797831
                        ],
                        [
                            167.81577191,
                            -45.98078931
                        ],
                        [
                            167.81561946,
                            -45.98179551
                        ],
                        [
                            167.81401933,
                            -45.98204878
                        ],
                        [
                            167.81241919,
                            -45.98230203
                        ],
                        [
                            167.81114856,
                            -45.98172982
                        ],
                        [
                            167.80987795,
                            -45.98115759
                        ],
                        [
                            167.80860736,
                            -45.98058535
                        ],
                        [
                            167.80733681,
                            -45.98001309
                        ],
                        [
                            167.80681126,
                            -45.98123659
                        ],
                        [
                            167.80628568,
                            -45.98246009
                        ],
                        [
                            167.80493965,
                            -45.98276443
                        ],
                        [
                            167.80359359,
                            -45.98306874
                        ],
                        [
                            167.80224752,
                            -45.98337304
                        ],
                        [
                            167.80090144,
                            -45.98367733
                        ],
                        [
                            167.79955534,
                            -45.9839816
                        ],
                        [
                            167.79820923,
                            -45.98428585
                        ],
                        [
                            167.7968631,
                            -45.98459009
                        ],
                        [
                            167.79551696,
                            -45.98489431
                        ],
                        [
                            167.79426702,
                            -45.98442234
                        ],
                        [
                            167.79301709,
                            -45.98395035
                        ],
                        [
                            167.79176719,
                            -45.98347835
                        ],
                        [
                            167.79051731,
                            -45.98300633
                        ],
                        [
                            167.78926745,
                            -45.9825343
                        ],
                        [
                            167.78801761,
                            -45.98206226
                        ],
                        [
                            167.7867678,
                            -45.9815902
                        ],
                        [
                            167.785518,
                            -45.98111813
                        ],
                        [
                            167.78443411,
                            -45.98043423
                        ],
                        [
                            167.78335025,
                            -45.97975031
                        ],
                        [
                            167.78226641,
                            -45.97906639
                        ],
                        [
                            167.7811826,
                            -45.97838245
                        ],
                        [
                            167.78082734,
                            -45.97728239
                        ],
                        [
                            167.78047208,
                            -45.97618233
                        ],
                        [
                            167.78012072,
                            -45.97517037
                        ],
                        [
                            167.77976937,
                            -45.97415841
                        ],
                        [
                            167.77941803,
                            -45.97314645
                        ],
                        [
                            167.77906671,
                            -45.97213449
                        ],
                        [
                            167.7787154,
                            -45.97112253
                        ],
                        [
                            167.77847467,
                            -45.97016356
                        ],
                        [
                            167.77823394,
                            -45.9692046
                        ],
                        [
                            167.77799323,
                            -45.96824563
                        ],
                        [
                            167.77775252,
                            -45.96728667
                        ],
                        [
                            167.77751182,
                            -45.9663277
                        ],
                        [
                            167.77727113,
                            -45.96536873
                        ],
                        [
                            167.77703045,
                            -45.96440977
                        ],
                        [
                            167.77678978,
                            -45.9634508
                        ],
                        [
                            167.77654911,
                            -45.96249183
                        ],
                        [
                            167.77630845,
                            -45.96153286
                        ],
                        [
                            167.7760678,
                            -45.96057389
                        ],
                        [
                            167.77582716,
                            -45.95961492
                        ],
                        [
                            167.77591733,
                            -45.95860279
                        ],
                        [
                            167.7760075,
                            -45.95759066
                        ],
                        [
                            167.77609767,
                            -45.95657853
                        ],
                        [
                            167.77618783,
                            -45.9555664
                        ],
                        [
                            167.77627798,
                            -45.95455427
                        ],
                        [
                            167.77636814,
                            -45.95354213
                        ],
                        [
                            167.77645829,
                            -45.95253
                        ],
                        [
                            167.77552821,
                            -45.95169999
                        ],
                        [
                            167.77459815,
                            -45.95086998
                        ],
                        [
                            167.77366813,
                            -45.95003995
                        ],
                        [
                            167.77273813,
                            -45.94920992
                        ],
                        [
                            167.77145288,
                            -45.94846002
                        ],
                        [
                            167.77016767,
                            -45.9477101
                        ],
                        [
                            167.76865855,
                            -45.94792613
                        ],
                        [
                            167.76714942,
                            -45.94814214
                        ],
                        [
                            167.76564028,
                            -45.94835814
                        ],
                        [
                            167.76413113,
                            -45.94857411
                        ],
                        [
                            167.76277576,
                            -45.94826173
                        ],
                        [
                            167.76142041,
                            -45.94794933
                        ],
                        [
                            167.76006507,
                            -45.94763691
                        ],
                        [
                            167.75838323,
                            -45.94760373
                        ],
                        [
                            167.75670139,
                            -45.94757052
                        ],
                        [
                            167.75501955,
                            -45.94753728
                        ],
                        [
                            167.75334383,
                            -45.94809197
                        ],
                        [
                            167.75166807,
                            -45.94864664
                        ],
                        [
                            167.75020669,
                            -45.94883309
                        ],
                        [
                            167.7487453,
                            -45.94901952
                        ],
                        [
                            167.7472839,
                            -45.94920593
                        ],
                        [
                            167.74593876,
                            -45.95009016
                        ],
                        [
                            167.74459358,
                            -45.95097437
                        ],
                        [
                            167.74341328,
                            -45.9514252
                        ],
                        [
                            167.74223295,
                            -45.95187601
                        ],
                        [
                            167.74105261,
                            -45.95232682
                        ],
                        [
                            167.73987225,
                            -45.95277761
                        ],
                        [
                            167.73869186,
                            -45.95322838
                        ],
                        [
                            167.73751146,
                            -45.95367915
                        ],
                        [
                            167.73633104,
                            -45.9541299
                        ],
                        [
                            167.7351506,
                            -45.95458064
                        ],
                        [
                            167.73397014,
                            -45.95503137
                        ],
                        [
                            167.73278966,
                            -45.95548209
                        ],
                        [
                            167.73160917,
                            -45.95593279
                        ],
                        [
                            167.73042865,
                            -45.95638348
                        ],
                        [
                            167.72924812,
                            -45.95683416
                        ],
                        [
                            167.72767336,
                            -45.9572671
                        ],
                        [
                            167.72609858,
                            -45.95770003
                        ],
                        [
                            167.725359,
                            -45.95691116
                        ],
                        [
                            167.72461944,
                            -45.95612228
                        ],
                        [
                            167.72468322,
                            -45.95543252
                        ],
                        [
                            167.72474701,
                            -45.95474275
                        ],
                        [
                            167.72598918,
                            -45.95432637
                        ],
                        [
                            167.72723134,
                            -45.95390998
                        ],
                        [
                            167.72847347,
                            -45.95349358
                        ],
                        [
                            167.72971559,
                            -45.95307716
                        ],
                        [
                            167.73095769,
                            -45.95266073
                        ],
                        [
                            167.73219977,
                            -45.95224428
                        ],
                        [
                            167.73344183,
                            -45.95182782
                        ],
                        [
                            167.73468387,
                            -45.95141135
                        ],
                        [
                            167.7359259,
                            -45.95099487
                        ],
                        [
                            167.7371679,
                            -45.95057837
                        ],
                        [
                            167.73840989,
                            -45.95016186
                        ],
                        [
                            167.73965186,
                            -45.94974533
                        ],
                        [
                            167.74078069,
                            -45.94925026
                        ],
                        [
                            167.74190951,
                            -45.94875517
                        ],
                        [
                            167.7430383,
                            -45.94826008
                        ],
                        [
                            167.74416708,
                            -45.94776497
                        ],
                        [
                            167.74529583,
                            -45.94726985
                        ],
                        [
                            167.74642456,
                            -45.94677472
                        ],
                        [
                            167.74779966,
                            -45.94640455
                        ],
                        [
                            167.74917474,
                            -45.94603437
                        ],
                        [
                            167.75054981,
                            -45.94566417
                        ],
                        [
                            167.75192485,
                            -45.94529396
                        ],
                        [
                            167.75329988,
                            -45.94492373
                        ],
                        [
                            167.75467488,
                            -45.94455348
                        ],
                        [
                            167.75604987,
                            -45.94418321
                        ],
                        [
                            167.75755537,
                            -45.9443009
                        ],
                        [
                            167.75906088,
                            -45.94441857
                        ],
                        [
                            167.76056639,
                            -45.94453623
                        ],
                        [
                            167.76207191,
                            -45.94465386
                        ],
                        [
                            167.76357743,
                            -45.94477147
                        ],
                        [
                            167.76497596,
                            -45.94448131
                        ],
                        [
                            167.76637446,
                            -45.94419113
                        ],
                        [
                            167.76777296,
                            -45.94390093
                        ],
                        [
                            167.76917144,
                            -45.94361072
                        ],
                        [
                            167.7705699,
                            -45.94332048
                        ],
                        [
                            167.77154346,
                            -45.94254535
                        ],
                        [
                            167.77251698,
                            -45.94177021
                        ],
                        [
                            167.77405716,
                            -45.94137712
                        ],
                        [
                            167.77559733,
                            -45.940984
                        ],
                        [
                            167.77713747,
                            -45.94059087
                        ],
                        [
                            167.77850006,
                            -45.94049414
                        ],
                        [
                            167.77986264,
                            -45.94039739
                        ],
                        [
                            167.78122522,
                            -45.94030063
                        ],
                        [
                            167.7825878,
                            -45.94020385
                        ],
                        [
                            167.78287646,
                            -45.93902037
                        ],
                        [
                            167.78316512,
                            -45.93783688
                        ],
                        [
                            167.78211523,
                            -45.93747535
                        ],
                        [
                            167.78106536,
                            -45.9371138
                        ],
                        [
                            167.78022902,
                            -45.93634396
                        ],
                        [
                            167.77939271,
                            -45.93557411
                        ],
                        [
                            167.77855642,
                            -45.93480425
                        ],
                        [
                            167.77948486,
                            -45.93366357
                        ],
                        [
                            167.78041327,
                            -45.93252288
                        ],
                        [
                            167.7812786,
                            -45.93157106
                        ],
                        [
                            167.78206875,
                            -45.93119093
                        ],
                        [
                            167.78285889,
                            -45.93081079
                        ],
                        [
                            167.78427725,
                            -45.93091526
                        ],
                        [
                            167.78569561,
                            -45.93101971
                        ],
                        [
                            167.78711398,
                            -45.93112415
                        ],
                        [
                            167.78714532,
                            -45.93045352
                        ],
                        [
                            167.78717666,
                            -45.9297829
                        ],
                        [
                            167.78636124,
                            -45.92903101
                        ],
                        [
                            167.78554584,
                            -45.92827912
                        ],
                        [
                            167.78473046,
                            -45.92752722
                        ],
                        [
                            167.7839151,
                            -45.92677531
                        ],
                        [
                            167.78309976,
                            -45.9260234
                        ],
                        [
                            167.78228445,
                            -45.92527148
                        ],
                        [
                            167.78146916,
                            -45.92451955
                        ],
                        [
                            167.78065389,
                            -45.92376762
                        ],
                        [
                            167.77983864,
                            -45.92301569
                        ],
                        [
                            167.77902342,
                            -45.92226375
                        ],
                        [
                            167.77980637,
                            -45.92143491
                        ],
                        [
                            167.78058929,
                            -45.92060607
                        ],
                        [
                            167.78109273,
                            -45.91974011
                        ],
                        [
                            167.78159615,
                            -45.91887415
                        ],
                        [
                            167.78209956,
                            -45.91800818
                        ],
                        [
                            167.78260295,
                            -45.91714221
                        ],
                        [
                            167.78310633,
                            -45.91627624
                        ],
                        [
                            167.78348956,
                            -45.91530621
                        ],
                        [
                            167.78387278,
                            -45.91433618
                        ],
                        [
                            167.78425598,
                            -45.91336615
                        ],
                        [
                            167.78463918,
                            -45.91239612
                        ],
                        [
                            167.78502235,
                            -45.91142608
                        ],
                        [
                            167.78540552,
                            -45.91045605
                        ],
                        [
                            167.78421575,
                            -45.91083748
                        ],
                        [
                            167.78302597,
                            -45.91121889
                        ],
                        [
                            167.78183617,
                            -45.9116003
                        ],
                        [
                            167.78064635,
                            -45.91198169
                        ],
                        [
                            167.77945652,
                            -45.91236307
                        ],
                        [
                            167.77826667,
                            -45.91274444
                        ],
                        [
                            167.77707681,
                            -45.9131258
                        ],
                        [
                            167.77588693,
                            -45.91350714
                        ],
                        [
                            167.77469703,
                            -45.91388847
                        ],
                        [
                            167.77350712,
                            -45.91426979
                        ],
                        [
                            167.77231719,
                            -45.91465109
                        ],
                        [
                            167.77112724,
                            -45.91503239
                        ],
                        [
                            167.76993728,
                            -45.91541367
                        ],
                        [
                            167.7687473,
                            -45.91579494
                        ],
                        [
                            167.76807024,
                            -45.91543428
                        ],
                        [
                            167.76739318,
                            -45.91507362
                        ],
                        [
                            167.76756222,
                            -45.91408987
                        ],
                        [
                            167.76773126,
                            -45.91310612
                        ],
                        [
                            167.76790029,
                            -45.91212236
                        ],
                        [
                            167.76806931,
                            -45.91113861
                        ],
                        [
                            167.76925474,
                            -45.91025529
                        ],
                        [
                            167.77044013,
                            -45.90937197
                        ],
                        [
                            167.77160791,
                            -45.9086806
                        ],
                        [
                            167.77277566,
                            -45.90798922
                        ],
                        [
                            167.77394339,
                            -45.90729782
                        ],
                        [
                            167.77511108,
                            -45.90660642
                        ],
                        [
                            167.7760489,
                            -45.9058405
                        ],
                        [
                            167.77698669,
                            -45.90507458
                        ],
                        [
                            167.77792446,
                            -45.90430865
                        ],
                        [
                            167.7788622,
                            -45.90354271
                        ],
                        [
                            167.77979991,
                            -45.90277677
                        ],
                        [
                            167.7807376,
                            -45.90201081
                        ],
                        [
                            167.78197955,
                            -45.90223134
                        ],
                        [
                            167.78322151,
                            -45.90245185
                        ],
                        [
                            167.78376801,
                            -45.9016501
                        ],
                        [
                            167.7843145,
                            -45.90084835
                        ],
                        [
                            167.78555298,
                            -45.9002426
                        ],
                        [
                            167.78679143,
                            -45.89963684
                        ],
                        [
                            167.78802985,
                            -45.89903107
                        ],
                        [
                            167.78926825,
                            -45.89842529
                        ],
                        [
                            167.78957111,
                            -45.89741075
                        ],
                        [
                            167.78987397,
                            -45.89639622
                        ],
                        [
                            167.79017681,
                            -45.89538168
                        ],
                        [
                            167.78915711,
                            -45.8944552
                        ],
                        [
                            167.78813745,
                            -45.8935287
                        ],
                        [
                            167.78768017,
                            -45.89248954
                        ],
                        [
                            167.78722291,
                            -45.89145037
                        ],
                        [
                            167.78676567,
                            -45.8904112
                        ],
                        [
                            167.78630844,
                            -45.88937203
                        ],
                        [
                            167.78614319,
                            -45.88841744
                        ],
                        [
                            167.78597794,
                            -45.88746285
                        ],
                        [
                            167.78581269,
                            -45.88650826
                        ],
                        [
                            167.78564745,
                            -45.88555367
                        ],
                        [
                            167.78548222,
                            -45.88459908
                        ],
                        [
                            167.78626245,
                            -45.88382609
                        ],
                        [
                            167.78704266,
                            -45.88305309
                        ],
                        [
                            167.78782285,
                            -45.88228009
                        ],
                        [
                            167.78860301,
                            -45.88150708
                        ],
                        [
                            167.78938316,
                            -45.88073406
                        ],
                        [
                            167.79016328,
                            -45.87996104
                        ],
                        [
                            167.79083916,
                            -45.87888966
                        ],
                        [
                            167.79151502,
                            -45.87781828
                        ],
                        [
                            167.79219084,
                            -45.8767469
                        ],
                        [
                            167.79245118,
                            -45.87562033
                        ],
                        [
                            167.7927115,
                            -45.87449375
                        ],
                        [
                            167.79297182,
                            -45.87336718
                        ],
                        [
                            167.79255565,
                            -45.87274289
                        ],
                        [
                            167.7921395,
                            -45.8721186
                        ],
                        [
                            167.79175834,
                            -45.87111036
                        ],
                        [
                            167.79137719,
                            -45.87010212
                        ],
                        [
                            167.7900974,
                            -45.86943941
                        ],
                        [
                            167.78881763,
                            -45.86877669
                        ],
                        [
                            167.78968277,
                            -45.86793403
                        ],
                        [
                            167.7896074,
                            -45.86703117
                        ],
                        [
                            167.78953203,
                            -45.86612831
                        ],
                        [
                            167.78945667,
                            -45.86522545
                        ],
                        [
                            167.78938131,
                            -45.86432259
                        ],
                        [
                            167.78930595,
                            -45.86341973
                        ],
                        [
                            167.78923059,
                            -45.86251687
                        ],
                        [
                            167.78848053,
                            -45.86209799
                        ],
                        [
                            167.78773047,
                            -45.86167911
                        ],
                        [
                            167.78845851,
                            -45.86061007
                        ],
                        [
                            167.78918653,
                            -45.85954103
                        ],
                        [
                            167.78991451,
                            -45.85847198
                        ],
                        [
                            167.79038948,
                            -45.85758443
                        ],
                        [
                            167.79086443,
                            -45.85669687
                        ],
                        [
                            167.79133936,
                            -45.85580931
                        ],
                        [
                            167.79181429,
                            -45.85492175
                        ],
                        [
                            167.79248678,
                            -45.85411457
                        ],
                        [
                            167.79315926,
                            -45.85330738
                        ],
                        [
                            167.79383172,
                            -45.85250019
                        ],
                        [
                            167.79450416,
                            -45.851693
                        ],
                        [
                            167.79517658,
                            -45.8508858
                        ],
                        [
                            167.79472987,
                            -45.85002151
                        ],
                        [
                            167.79428317,
                            -45.84915721
                        ],
                        [
                            167.79383648,
                            -45.84829292
                        ],
                        [
                            167.79407834,
                            -45.84736745
                        ],
                        [
                            167.79432019,
                            -45.84644198
                        ],
                        [
                            167.79522391,
                            -45.84574787
                        ],
                        [
                            167.79612761,
                            -45.84505375
                        ],
                        [
                            167.79703129,
                            -45.84435962
                        ],
                        [
                            167.79735654,
                            -45.84338279
                        ],
                        [
                            167.79768179,
                            -45.84240595
                        ],
                        [
                            167.79647604,
                            -45.84180165
                        ],
                        [
                            167.79530747,
                            -45.84252071
                        ],
                        [
                            167.79413888,
                            -45.84323975
                        ],
                        [
                            167.79299356,
                            -45.84370282
                        ],
                        [
                            167.79184822,
                            -45.84416588
                        ],
                        [
                            167.79070286,
                            -45.84462893
                        ],
                        [
                            167.78946068,
                            -45.84528959
                        ],
                        [
                            167.78821846,
                            -45.84595023
                        ],
                        [
                            167.78825206,
                            -45.84696505
                        ],
                        [
                            167.78828566,
                            -45.84797987
                        ],
                        [
                            167.78831926,
                            -45.8489947
                        ],
                        [
                            167.78835286,
                            -45.85000952
                        ],
                        [
                            167.78838646,
                            -45.85102434
                        ],
                        [
                            167.78783219,
                            -45.85191753
                        ],
                        [
                            167.78727791,
                            -45.85281073
                        ],
                        [
                            167.78672361,
                            -45.85370391
                        ],
                        [
                            167.78616929,
                            -45.8545971
                        ],
                        [
                            167.78561495,
                            -45.85549029
                        ],
                        [
                            167.78506059,
                            -45.85638347
                        ],
                        [
                            167.78368611,
                            -45.85676282
                        ],
                        [
                            167.7823116,
                            -45.85714216
                        ],
                        [
                            167.78108567,
                            -45.85675709
                        ],
                        [
                            167.77985976,
                            -45.85637201
                        ],
                        [
                            167.77863386,
                            -45.85598692
                        ],
                        [
                            167.77829982,
                            -45.85489811
                        ],
                        [
                            167.77796578,
                            -45.8538093
                        ],
                        [
                            167.77763176,
                            -45.85272049
                        ],
                        [
                            167.77729775,
                            -45.85163167
                        ],
                        [
                            167.77754892,
                            -45.85060751
                        ],
                        [
                            167.77780007,
                            -45.84958336
                        ],
                        [
                            167.77805122,
                            -45.84855919
                        ],
                        [
                            167.77830235,
                            -45.84753503
                        ],
                        [
                            167.77855348,
                            -45.84651087
                        ],
                        [
                            167.77874827,
                            -45.84552825
                        ],
                        [
                            167.77894305,
                            -45.84454564
                        ],
                        [
                            167.77913783,
                            -45.84356302
                        ],
                        [
                            167.77933259,
                            -45.8425804
                        ],
                        [
                            167.77952736,
                            -45.84159778
                        ],
                        [
                            167.77972211,
                            -45.84061516
                        ],
                        [
                            167.77847653,
                            -45.84044946
                        ],
                        [
                            167.77719756,
                            -45.84064941
                        ],
                        [
                            167.77591859,
                            -45.84084934
                        ],
                        [
                            167.7746396,
                            -45.84104926
                        ],
                        [
                            167.77322705,
                            -45.8409862
                        ],
                        [
                            167.77181451,
                            -45.84092311
                        ],
                        [
                            167.77086101,
                            -45.84187183
                        ],
                        [
                            167.76990748,
                            -45.84282055
                        ],
                        [
                            167.76986728,
                            -45.84375237
                        ],
                        [
                            167.76982709,
                            -45.84468419
                        ],
                        [
                            167.76978689,
                            -45.84561601
                        ],
                        [
                            167.76974669,
                            -45.84654783
                        ],
                        [
                            167.76970648,
                            -45.84747965
                        ],
                        [
                            167.76966628,
                            -45.84841147
                        ],
                        [
                            167.76962607,
                            -45.84934329
                        ],
                        [
                            167.76958587,
                            -45.85027511
                        ],
                        [
                            167.76954566,
                            -45.85120693
                        ],
                        [
                            167.76950545,
                            -45.85213875
                        ],
                        [
                            167.76946524,
                            -45.85307056
                        ],
                        [
                            167.76942503,
                            -45.85400238
                        ],
                        [
                            167.76938481,
                            -45.8549342
                        ],
                        [
                            167.7693446,
                            -45.85586602
                        ],
                        [
                            167.76930438,
                            -45.85679784
                        ],
                        [
                            167.76926417,
                            -45.85772966
                        ],
                        [
                            167.76922395,
                            -45.85866148
                        ],
                        [
                            167.76918373,
                            -45.85959329
                        ],
                        [
                            167.7691435,
                            -45.86052511
                        ],
                        [
                            167.76910328,
                            -45.86145693
                        ],
                        [
                            167.76906305,
                            -45.86238875
                        ],
                        [
                            167.76892037,
                            -45.86337368
                        ],
                        [
                            167.76877768,
                            -45.86435862
                        ],
                        [
                            167.76863499,
                            -45.86534355
                        ],
                        [
                            167.76849229,
                            -45.86632849
                        ],
                        [
                            167.76834959,
                            -45.86731342
                        ],
                        [
                            167.76820688,
                            -45.86829835
                        ],
                        [
                            167.76660649,
                            -45.86855728
                        ],
                        [
                            167.76548094,
                            -45.86904197
                        ],
                        [
                            167.76435537,
                            -45.86952665
                        ],
                        [
                            167.76322978,
                            -45.87001131
                        ],
                        [
                            167.76210418,
                            -45.87049597
                        ],
                        [
                            167.76097855,
                            -45.87098061
                        ],
                        [
                            167.7598529,
                            -45.87146524
                        ],
                        [
                            167.75872724,
                            -45.87194986
                        ],
                        [
                            167.75792438,
                            -45.8727951
                        ],
                        [
                            167.7571215,
                            -45.87364033
                        ],
                        [
                            167.7563186,
                            -45.87448555
                        ],
                        [
                            167.75551567,
                            -45.87533077
                        ],
                        [
                            167.75471272,
                            -45.87617598
                        ],
                        [
                            167.75434897,
                            -45.87704637
                        ],
                        [
                            167.75398521,
                            -45.87791675
                        ],
                        [
                            167.75362145,
                            -45.87878714
                        ],
                        [
                            167.75325767,
                            -45.87965752
                        ],
                        [
                            167.75289388,
                            -45.8805279
                        ],
                        [
                            167.75253007,
                            -45.88139828
                        ],
                        [
                            167.75216626,
                            -45.88226866
                        ],
                        [
                            167.75180244,
                            -45.88313904
                        ],
                        [
                            167.7514386,
                            -45.88400942
                        ],
                        [
                            167.75107475,
                            -45.88487979
                        ],
                        [
                            167.75071089,
                            -45.88575017
                        ],
                        [
                            167.75034702,
                            -45.88662054
                        ],
                        [
                            167.74998314,
                            -45.88749091
                        ],
                        [
                            167.74961925,
                            -45.88836128
                        ],
                        [
                            167.74925534,
                            -45.88923165
                        ],
                        [
                            167.74889142,
                            -45.89010202
                        ],
                        [
                            167.7485275,
                            -45.89097238
                        ],
                        [
                            167.74816356,
                            -45.89184275
                        ],
                        [
                            167.74779961,
                            -45.89271311
                        ],
                        [
                            167.74743564,
                            -45.89358347
                        ],
                        [
                            167.74759823,
                            -45.89456005
                        ],
                        [
                            167.74776083,
                            -45.89553663
                        ],
                        [
                            167.74792343,
                            -45.89651321
                        ],
                        [
                            167.74808604,
                            -45.89748979
                        ],
                        [
                            167.74824865,
                            -45.89846637
                        ],
                        [
                            167.74841127,
                            -45.89944295
                        ],
                        [
                            167.74857389,
                            -45.90041953
                        ],
                        [
                            167.74873652,
                            -45.9013961
                        ],
                        [
                            167.74889915,
                            -45.90237268
                        ],
                        [
                            167.74906179,
                            -45.90334926
                        ],
                        [
                            167.74872836,
                            -45.90423017
                        ],
                        [
                            167.74839492,
                            -45.90511109
                        ],
                        [
                            167.74806147,
                            -45.905992
                        ],
                        [
                            167.747728,
                            -45.90687291
                        ],
                        [
                            167.74739453,
                            -45.90775382
                        ],
                        [
                            167.74706105,
                            -45.90863472
                        ],
                        [
                            167.74672755,
                            -45.90951563
                        ],
                        [
                            167.74639405,
                            -45.91039654
                        ],
                        [
                            167.74606053,
                            -45.91127744
                        ],
                        [
                            167.74572701,
                            -45.91215834
                        ],
                        [
                            167.74539347,
                            -45.91303925
                        ],
                        [
                            167.74505992,
                            -45.91392015
                        ],
                        [
                            167.74472636,
                            -45.91480105
                        ],
                        [
                            167.74439279,
                            -45.91568195
                        ],
                        [
                            167.74405922,
                            -45.91656285
                        ],
                        [
                            167.74363733,
                            -45.9174723
                        ],
                        [
                            167.74321543,
                            -45.91838175
                        ],
                        [
                            167.74279351,
                            -45.91929121
                        ],
                        [
                            167.74237158,
                            -45.92020066
                        ],
                        [
                            167.74194964,
                            -45.92111011
                        ],
                        [
                            167.74152768,
                            -45.92201955
                        ],
                        [
                            167.74110571,
                            -45.922929
                        ],
                        [
                            167.7402794,
                            -45.92333251
                        ],
                        [
                            167.73945308,
                            -45.92373601
                        ],
                        [
                            167.739041,
                            -45.92478226
                        ],
                        [
                            167.73862891,
                            -45.92582852
                        ],
                        [
                            167.7382168,
                            -45.92687477
                        ],
                        [
                            167.73724241,
                            -45.92751393
                        ],
                        [
                            167.736268,
                            -45.92815309
                        ],
                        [
                            167.73529357,
                            -45.92879224
                        ],
                        [
                            167.73431911,
                            -45.92943138
                        ],
                        [
                            167.73334464,
                            -45.93007051
                        ],
                        [
                            167.73216864,
                            -45.93059855
                        ],
                        [
                            167.73099261,
                            -45.93112657
                        ],
                        [
                            167.72981657,
                            -45.93165459
                        ],
                        [
                            167.7286405,
                            -45.93218259
                        ],
                        [
                            167.72746441,
                            -45.93271058
                        ],
                        [
                            167.7262883,
                            -45.93323856
                        ],
                        [
                            167.72511217,
                            -45.93376653
                        ],
                        [
                            167.72393601,
                            -45.93429448
                        ],
                        [
                            167.72275983,
                            -45.93482243
                        ],
                        [
                            167.72158363,
                            -45.93535036
                        ],
                        [
                            167.7202953,
                            -45.93557884
                        ],
                        [
                            167.71900697,
                            -45.93580731
                        ],
                        [
                            167.71771862,
                            -45.93603577
                        ],
                        [
                            167.71643026,
                            -45.93626421
                        ],
                        [
                            167.71514189,
                            -45.93649263
                        ],
                        [
                            167.71385351,
                            -45.93672104
                        ],
                        [
                            167.71251008,
                            -45.93659585
                        ],
                        [
                            167.71116665,
                            -45.93647063
                        ],
                        [
                            167.70982323,
                            -45.9363454
                        ],
                        [
                            167.70847982,
                            -45.93622016
                        ],
                        [
                            167.70713641,
                            -45.9360949
                        ],
                        [
                            167.70579301,
                            -45.93596962
                        ],
                        [
                            167.70444961,
                            -45.93584433
                        ],
                        [
                            167.70310622,
                            -45.93571902
                        ],
                        [
                            167.70176284,
                            -45.9355937
                        ],
                        [
                            167.70041946,
                            -45.93546836
                        ],
                        [
                            167.69907608,
                            -45.93534301
                        ],
                        [
                            167.69773271,
                            -45.93521764
                        ],
                        [
                            167.69650747,
                            -45.93482357
                        ],
                        [
                            167.69528225,
                            -45.93442949
                        ],
                        [
                            167.69540138,
                            -45.93314806
                        ],
                        [
                            167.69552051,
                            -45.93186663
                        ],
                        [
                            167.69644681,
                            -45.931299
                        ],
                        [
                            167.6973731,
                            -45.93073137
                        ],
                        [
                            167.69759388,
                            -45.92974802
                        ],
                        [
                            167.69781466,
                            -45.92876468
                        ],
                        [
                            167.69803543,
                            -45.92778133
                        ],
                        [
                            167.69825619,
                            -45.92679799
                        ],
                        [
                            167.69847694,
                            -45.92581464
                        ],
                        [
                            167.69869769,
                            -45.92483129
                        ],
                        [
                            167.6985268,
                            -45.92353674
                        ],
                        [
                            167.69835592,
                            -45.92224219
                        ],
                        [
                            167.69927577,
                            -45.92174198
                        ],
                        [
                            167.7001956,
                            -45.92124177
                        ],
                        [
                            167.7002791,
                            -45.92034251
                        ],
                        [
                            167.7003626,
                            -45.91944326
                        ],
                        [
                            167.7004461,
                            -45.918544
                        ],
                        [
                            167.70052959,
                            -45.91764475
                        ],
                        [
                            167.70061308,
                            -45.91674549
                        ],
                        [
                            167.70069656,
                            -45.91584624
                        ],
                        [
                            167.70136397,
                            -45.91492824
                        ],
                        [
                            167.70203135,
                            -45.91401024
                        ],
                        [
                            167.70269871,
                            -45.91309223
                        ],
                        [
                            167.70179509,
                            -45.9123741
                        ],
                        [
                            167.7008915,
                            -45.91165596
                        ],
                        [
                            167.69930802,
                            -45.91199069
                        ],
                        [
                            167.69764163,
                            -45.91182499
                        ],
                        [
                            167.69597524,
                            -45.91165926
                        ],
                        [
                            167.69430887,
                            -45.9114935
                        ],
                        [
                            167.69354256,
                            -45.91069121
                        ],
                        [
                            167.69277628,
                            -45.90988892
                        ],
                        [
                            167.69201002,
                            -45.90908663
                        ],
                        [
                            167.69120321,
                            -45.90837279
                        ],
                        [
                            167.69039642,
                            -45.90765895
                        ],
                        [
                            167.68958965,
                            -45.9069451
                        ],
                        [
                            167.68878291,
                            -45.90623125
                        ],
                        [
                            167.68797618,
                            -45.90551739
                        ],
                        [
                            167.68716947,
                            -45.90480352
                        ],
                        [
                            167.68636279,
                            -45.90408965
                        ],
                        [
                            167.68555613,
                            -45.90337577
                        ],
                        [
                            167.68412203,
                            -45.90419117
                        ],
                        [
                            167.6826879,
                            -45.90500655
                        ],
                        [
                            167.6812443,
                            -45.90453464
                        ],
                        [
                            167.67980073,
                            -45.90406271
                        ],
                        [
                            167.67835718,
                            -45.90359077
                        ],
                        [
                            167.67697364,
                            -45.90344663
                        ],
                        [
                            167.6755901,
                            -45.90330247
                        ],
                        [
                            167.67420657,
                            -45.9031583
                        ],
                        [
                            167.67282304,
                            -45.90301411
                        ],
                        [
                            167.67143952,
                            -45.90286991
                        ],
                        [
                            167.67128773,
                            -45.90189786
                        ],
                        [
                            167.67113594,
                            -45.90092582
                        ],
                        [
                            167.67098415,
                            -45.89995377
                        ],
                        [
                            167.67083237,
                            -45.89898173
                        ],
                        [
                            167.67068059,
                            -45.89800968
                        ],
                        [
                            167.67052882,
                            -45.89703764
                        ],
                        [
                            167.67037705,
                            -45.89606559
                        ],
                        [
                            167.67022529,
                            -45.89509354
                        ],
                        [
                            167.6698305,
                            -45.89412737
                        ],
                        [
                            167.66943571,
                            -45.89316119
                        ],
                        [
                            167.66904094,
                            -45.89219501
                        ],
                        [
                            167.66864618,
                            -45.89122883
                        ],
                        [
                            167.66825144,
                            -45.89026265
                        ],
                        [
                            167.66785671,
                            -45.88929646
                        ],
                        [
                            167.667462,
                            -45.88833028
                        ],
                        [
                            167.66706729,
                            -45.88736409
                        ],
                        [
                            167.66707149,
                            -45.88628061
                        ],
                        [
                            167.66707569,
                            -45.88519713
                        ],
                        [
                            167.66576989,
                            -45.88505638
                        ],
                        [
                            167.66446409,
                            -45.88491561
                        ],
                        [
                            167.6631583,
                            -45.88477483
                        ],
                        [
                            167.66185252,
                            -45.88463403
                        ],
                        [
                            167.66054674,
                            -45.88449321
                        ],
                        [
                            167.65969556,
                            -45.88374323
                        ],
                        [
                            167.6588444,
                            -45.88299324
                        ],
                        [
                            167.65799326,
                            -45.88224325
                        ],
                        [
                            167.65714215,
                            -45.88149324
                        ],
                        [
                            167.65709752,
                            -45.88058814
                        ],
                        [
                            167.6570529,
                            -45.87968304
                        ],
                        [
                            167.65700828,
                            -45.87877794
                        ],
                        [
                            167.65699754,
                            -45.87785632
                        ],
                        [
                            167.65698679,
                            -45.8769347
                        ],
                        [
                            167.65697604,
                            -45.87601308
                        ],
                        [
                            167.65696529,
                            -45.87509146
                        ],
                        [
                            167.65695454,
                            -45.87416984
                        ],
                        [
                            167.65694379,
                            -45.87324822
                        ],
                        [
                            167.65693304,
                            -45.8723266
                        ],
                        [
                            167.6569223,
                            -45.87140498
                        ],
                        [
                            167.65691155,
                            -45.87048336
                        ],
                        [
                            167.6569008,
                            -45.86956174
                        ],
                        [
                            167.65737213,
                            -45.86866889
                        ],
                        [
                            167.65784344,
                            -45.86777605
                        ],
                        [
                            167.65831474,
                            -45.8668832
                        ],
                        [
                            167.65878603,
                            -45.86599035
                        ],
                        [
                            167.65914472,
                            -45.86511655
                        ],
                        [
                            167.6595034,
                            -45.86424275
                        ],
                        [
                            167.65986207,
                            -45.86336895
                        ],
                        [
                            167.66022072,
                            -45.86249514
                        ],
                        [
                            167.66057937,
                            -45.86162134
                        ],
                        [
                            167.660938,
                            -45.86074753
                        ],
                        [
                            167.66129662,
                            -45.85987372
                        ],
                        [
                            167.66167572,
                            -45.85888285
                        ],
                        [
                            167.66205479,
                            -45.85789198
                        ],
                        [
                            167.66243386,
                            -45.85690111
                        ],
                        [
                            167.66281291,
                            -45.85591024
                        ],
                        [
                            167.66319195,
                            -45.85491936
                        ],
                        [
                            167.66357097,
                            -45.85392848
                        ],
                        [
                            167.66366821,
                            -45.85299679
                        ],
                        [
                            167.66376544,
                            -45.8520651
                        ],
                        [
                            167.66386267,
                            -45.85113341
                        ],
                        [
                            167.6639599,
                            -45.85020172
                        ],
                        [
                            167.66405712,
                            -45.84927003
                        ],
                        [
                            167.66415434,
                            -45.84833834
                        ],
                        [
                            167.66425155,
                            -45.84740665
                        ],
                        [
                            167.66434877,
                            -45.84647496
                        ],
                        [
                            167.66444598,
                            -45.84554327
                        ],
                        [
                            167.66454318,
                            -45.84461158
                        ],
                        [
                            167.66464038,
                            -45.84367988
                        ],
                        [
                            167.66473758,
                            -45.84274819
                        ],
                        [
                            167.66387709,
                            -45.84210869
                        ],
                        [
                            167.66301661,
                            -45.84146918
                        ],
                        [
                            167.66226082,
                            -45.84062863
                        ],
                        [
                            167.66150504,
                            -45.83978808
                        ],
                        [
                            167.66074929,
                            -45.83894753
                        ],
                        [
                            167.65999356,
                            -45.83810697
                        ],
                        [
                            167.65923785,
                            -45.8372664
                        ],
                        [
                            167.65863817,
                            -45.83636925
                        ],
                        [
                            167.65803851,
                            -45.8354721
                        ],
                        [
                            167.65743888,
                            -45.83457494
                        ],
                        [
                            167.65683926,
                            -45.83367778
                        ],
                        [
                            167.65623966,
                            -45.83278062
                        ],
                        [
                            167.65564008,
                            -45.83188345
                        ],
                        [
                            167.65504051,
                            -45.83098628
                        ],
                        [
                            167.65424423,
                            -45.83189318
                        ],
                        [
                            167.65344791,
                            -45.83280007
                        ],
                        [
                            167.65265157,
                            -45.83370695
                        ],
                        [
                            167.65185521,
                            -45.83461383
                        ],
                        [
                            167.65105881,
                            -45.8355207
                        ],
                        [
                            167.64960493,
                            -45.83532558
                        ],
                        [
                            167.64815106,
                            -45.83513045
                        ],
                        [
                            167.64674264,
                            -45.83532327
                        ],
                        [
                            167.64533422,
                            -45.83551607
                        ],
                        [
                            167.64392578,
                            -45.83570885
                        ],
                        [
                            167.64339103,
                            -45.83486971
                        ],
                        [
                            167.64285629,
                            -45.83403057
                        ],
                        [
                            167.64146755,
                            -45.83379545
                        ],
                        [
                            167.64007883,
                            -45.83356032
                        ],
                        [
                            167.64086726,
                            -45.8326746
                        ],
                        [
                            167.64165567,
                            -45.83178886
                        ],
                        [
                            167.64244405,
                            -45.83090313
                        ],
                        [
                            167.64323241,
                            -45.83001738
                        ],
                        [
                            167.64433406,
                            -45.82953369
                        ],
                        [
                            167.6454357,
                            -45.82904998
                        ],
                        [
                            167.64653733,
                            -45.82856626
                        ],
                        [
                            167.64763893,
                            -45.82808254
                        ],
                        [
                            167.64874051,
                            -45.8275988
                        ],
                        [
                            167.64984208,
                            -45.82711505
                        ],
                        [
                            167.650796,
                            -45.82647434
                        ],
                        [
                            167.65174991,
                            -45.82583361
                        ],
                        [
                            167.6527038,
                            -45.82519288
                        ],
                        [
                            167.65365766,
                            -45.82455214
                        ],
                        [
                            167.6546115,
                            -45.8239114
                        ],
                        [
                            167.65556532,
                            -45.82327064
                        ],
                        [
                            167.65635164,
                            -45.822431
                        ],
                        [
                            167.65713793,
                            -45.82159134
                        ],
                        [
                            167.6579242,
                            -45.82075168
                        ],
                        [
                            167.65871044,
                            -45.81991202
                        ],
                        [
                            167.6601656,
                            -45.81987694
                        ],
                        [
                            167.66162076,
                            -45.81984185
                        ],
                        [
                            167.66307592,
                            -45.81980674
                        ],
                        [
                            167.66453107,
                            -45.81977162
                        ],
                        [
                            167.66598622,
                            -45.81973647
                        ],
                        [
                            167.66744138,
                            -45.8197013
                        ],
                        [
                            167.66903639,
                            -45.81972325
                        ],
                        [
                            167.6706314,
                            -45.81974518
                        ],
                        [
                            167.67222641,
                            -45.81976708
                        ],
                        [
                            167.67348824,
                            -45.81946925
                        ],
                        [
                            167.67475006,
                            -45.8191714
                        ],
                        [
                            167.67601186,
                            -45.81887354
                        ],
                        [
                            167.67703969,
                            -45.8195294
                        ],
                        [
                            167.67818067,
                            -45.82013965
                        ],
                        [
                            167.67932169,
                            -45.82074988
                        ],
                        [
                            167.68046272,
                            -45.8213601
                        ],
                        [
                            167.68160379,
                            -45.82197031
                        ],
                        [
                            167.68274487,
                            -45.82258051
                        ],
                        [
                            167.68388598,
                            -45.8231907
                        ],
                        [
                            167.68423986,
                            -45.82406964
                        ],
                        [
                            167.68459374,
                            -45.82494859
                        ],
                        [
                            167.68494764,
                            -45.82582754
                        ],
                        [
                            167.68530154,
                            -45.82670648
                        ],
                        [
                            167.68565546,
                            -45.82758542
                        ],
                        [
                            167.68600939,
                            -45.82846436
                        ],
                        [
                            167.68618023,
                            -45.82936037
                        ],
                        [
                            167.68635107,
                            -45.83025637
                        ],
                        [
                            167.68652193,
                            -45.83115237
                        ],
                        [
                            167.68669278,
                            -45.83204837
                        ],
                        [
                            167.68686365,
                            -45.83294437
                        ],
                        [
                            167.68703451,
                            -45.83384037
                        ],
                        [
                            167.6872157,
                            -45.835016
                        ],
                        [
                            167.68739691,
                            -45.83619163
                        ],
                        [
                            167.68757811,
                            -45.83736726
                        ],
                        [
                            167.68877123,
                            -45.83742142
                        ],
                        [
                            167.68996436,
                            -45.83747557
                        ],
                        [
                            167.69116827,
                            -45.83702263
                        ],
                        [
                            167.69237215,
                            -45.83656968
                        ],
                        [
                            167.69357602,
                            -45.83611672
                        ],
                        [
                            167.69302626,
                            -45.83529237
                        ],
                        [
                            167.6924765,
                            -45.83446802
                        ],
                        [
                            167.69192677,
                            -45.83364367
                        ],
                        [
                            167.69137705,
                            -45.83281932
                        ],
                        [
                            167.69082735,
                            -45.83199496
                        ],
                        [
                            167.69027766,
                            -45.8311706
                        ],
                        [
                            167.68972799,
                            -45.83034624
                        ],
                        [
                            167.68917833,
                            -45.82952187
                        ],
                        [
                            167.68908932,
                            -45.82860421
                        ],
                        [
                            167.68900031,
                            -45.82768655
                        ],
                        [
                            167.6889113,
                            -45.82676889
                        ],
                        [
                            167.6888223,
                            -45.82585123
                        ],
                        [
                            167.6887333,
                            -45.82493357
                        ],
                        [
                            167.68947783,
                            -45.82395224
                        ],
                        [
                            167.69022233,
                            -45.8229709
                        ],
                        [
                            167.69096681,
                            -45.82198955
                        ],
                        [
                            167.69224736,
                            -45.82148934
                        ],
                        [
                            167.69352788,
                            -45.82098911
                        ],
                        [
                            167.69480838,
                            -45.82048886
                        ],
                        [
                            167.6960594,
                            -45.82014969
                        ],
                        [
                            167.69731041,
                            -45.8198105
                        ],
                        [
                            167.6985614,
                            -45.8194713
                        ],
                        [
                            167.69981237,
                            -45.81913208
                        ],
                        [
                            167.70106332,
                            -45.81879286
                        ],
                        [
                            167.70200662,
                            -45.81801334
                        ],
                        [
                            167.70294988,
                            -45.81723381
                        ],
                        [
                            167.70389312,
                            -45.81645428
                        ],
                        [
                            167.70483633,
                            -45.81567473
                        ],
                        [
                            167.70577952,
                            -45.81489518
                        ],
                        [
                            167.70721708,
                            -45.8146557
                        ],
                        [
                            167.70865463,
                            -45.81441621
                        ],
                        [
                            167.71009141,
                            -45.8144203
                        ],
                        [
                            167.71152819,
                            -45.81442436
                        ],
                        [
                            167.71296498,
                            -45.81442841
                        ],
                        [
                            167.71440176,
                            -45.81443244
                        ],
                        [
                            167.71583855,
                            -45.81443645
                        ],
                        [
                            167.71644369,
                            -45.81377859
                        ],
                        [
                            167.71704882,
                            -45.81312072
                        ],
                        [
                            167.71564057,
                            -45.81265106
                        ],
                        [
                            167.71423234,
                            -45.81218138
                        ],
                        [
                            167.71282414,
                            -45.81171168
                        ],
                        [
                            167.71333722,
                            -45.81087203
                        ],
                        [
                            167.71385029,
                            -45.81003237
                        ],
                        [
                            167.71436334,
                            -45.80919271
                        ],
                        [
                            167.71558978,
                            -45.80848679
                        ],
                        [
                            167.71681618,
                            -45.80778086
                        ],
                        [
                            167.71804256,
                            -45.80707492
                        ],
                        [
                            167.71850248,
                            -45.80622015
                        ],
                        [
                            167.71896239,
                            -45.80536539
                        ],
                        [
                            167.71942229,
                            -45.80451062
                        ],
                        [
                            167.71988217,
                            -45.80365585
                        ],
                        [
                            167.71873173,
                            -45.8031471
                        ],
                        [
                            167.71758132,
                            -45.80263834
                        ],
                        [
                            167.71626092,
                            -45.80279186
                        ],
                        [
                            167.7149405,
                            -45.80294537
                        ],
                        [
                            167.71362008,
                            -45.80309886
                        ],
                        [
                            167.71229966,
                            -45.80325234
                        ],
                        [
                            167.71097922,
                            -45.8034058
                        ],
                        [
                            167.70994519,
                            -45.80399348
                        ],
                        [
                            167.70891114,
                            -45.80458114
                        ],
                        [
                            167.70787707,
                            -45.8051688
                        ],
                        [
                            167.70684298,
                            -45.80575645
                        ],
                        [
                            167.70580886,
                            -45.80634409
                        ],
                        [
                            167.70477473,
                            -45.80693173
                        ],
                        [
                            167.70407905,
                            -45.80772683
                        ],
                        [
                            167.70338336,
                            -45.80852192
                        ],
                        [
                            167.70268764,
                            -45.80931701
                        ],
                        [
                            167.70199191,
                            -45.8101121
                        ],
                        [
                            167.70129616,
                            -45.81090718
                        ],
                        [
                            167.70060038,
                            -45.81170226
                        ],
                        [
                            167.69990459,
                            -45.81249733
                        ],
                        [
                            167.69871239,
                            -45.81314374
                        ],
                        [
                            167.69752016,
                            -45.81379015
                        ],
                        [
                            167.69632791,
                            -45.81443653
                        ],
                        [
                            167.69513563,
                            -45.81508291
                        ],
                        [
                            167.69394332,
                            -45.81572927
                        ],
                        [
                            167.69302047,
                            -45.81472303
                        ],
                        [
                            167.69209766,
                            -45.81371678
                        ],
                        [
                            167.69117488,
                            -45.81271053
                        ],
                        [
                            167.69031033,
                            -45.81185918
                        ],
                        [
                            167.68944582,
                            -45.81100782
                        ],
                        [
                            167.68858132,
                            -45.81015646
                        ],
                        [
                            167.68771686,
                            -45.80930509
                        ],
                        [
                            167.68685241,
                            -45.80845371
                        ],
                        [
                            167.685988,
                            -45.80760233
                        ],
                        [
                            167.68564453,
                            -45.80661219
                        ],
                        [
                            167.68530108,
                            -45.80562205
                        ],
                        [
                            167.68495764,
                            -45.8046319
                        ],
                        [
                            167.6846142,
                            -45.80364176
                        ],
                        [
                            167.68427079,
                            -45.80265162
                        ],
                        [
                            167.68440714,
                            -45.80165282
                        ],
                        [
                            167.68454349,
                            -45.80065403
                        ],
                        [
                            167.68467983,
                            -45.79965524
                        ],
                        [
                            167.68481617,
                            -45.79865645
                        ],
                        [
                            167.6849525,
                            -45.79765766
                        ],
                        [
                            167.68430975,
                            -45.79676558
                        ],
                        [
                            167.68366701,
                            -45.79587349
                        ],
                        [
                            167.68302429,
                            -45.7949814
                        ],
                        [
                            167.6822277,
                            -45.79418383
                        ],
                        [
                            167.68143112,
                            -45.79338624
                        ],
                        [
                            167.68063457,
                            -45.79258865
                        ],
                        [
                            167.67983803,
                            -45.79179106
                        ],
                        [
                            167.67876763,
                            -45.79126378
                        ],
                        [
                            167.67769724,
                            -45.7907365
                        ],
                        [
                            167.67662687,
                            -45.7902092
                        ],
                        [
                            167.67555652,
                            -45.78968189
                        ],
                        [
                            167.67448619,
                            -45.78915458
                        ],
                        [
                            167.67341588,
                            -45.78862725
                        ],
                        [
                            167.6723456,
                            -45.78809991
                        ],
                        [
                            167.67349986,
                            -45.78739115
                        ],
                        [
                            167.67465409,
                            -45.78668237
                        ],
                        [
                            167.67570227,
                            -45.78594338
                        ],
                        [
                            167.67675043,
                            -45.78520438
                        ],
                        [
                            167.67779856,
                            -45.78446536
                        ],
                        [
                            167.67884667,
                            -45.78372634
                        ],
                        [
                            167.67989474,
                            -45.78298731
                        ],
                        [
                            167.68094279,
                            -45.78224826
                        ],
                        [
                            167.68191857,
                            -45.78150592
                        ],
                        [
                            167.68289433,
                            -45.78076358
                        ],
                        [
                            167.68387006,
                            -45.78002122
                        ],
                        [
                            167.68484577,
                            -45.77927886
                        ],
                        [
                            167.68582145,
                            -45.77853648
                        ],
                        [
                            167.6867971,
                            -45.7777941
                        ],
                        [
                            167.6881716,
                            -45.77752157
                        ],
                        [
                            167.68954609,
                            -45.77724903
                        ],
                        [
                            167.69092056,
                            -45.77697647
                        ],
                        [
                            167.69229502,
                            -45.77670389
                        ],
                        [
                            167.69366946,
                            -45.77643129
                        ],
                        [
                            167.69501503,
                            -45.77658753
                        ],
                        [
                            167.69636061,
                            -45.77674375
                        ],
                        [
                            167.69770619,
                            -45.77689996
                        ],
                        [
                            167.69905178,
                            -45.77705615
                        ],
                        [
                            167.70039737,
                            -45.77721233
                        ],
                        [
                            167.70174297,
                            -45.7773685
                        ],
                        [
                            167.70308858,
                            -45.77752466
                        ],
                        [
                            167.70443419,
                            -45.7776808
                        ],
                        [
                            167.70569785,
                            -45.77787339
                        ],
                        [
                            167.70696153,
                            -45.77806597
                        ],
                        [
                            167.70822521,
                            -45.77825853
                        ],
                        [
                            167.7094889,
                            -45.77845109
                        ],
                        [
                            167.7107526,
                            -45.77864362
                        ],
                        [
                            167.71201631,
                            -45.77883615
                        ],
                        [
                            167.71328003,
                            -45.77902866
                        ],
                        [
                            167.71454375,
                            -45.77922115
                        ],
                        [
                            167.71580749,
                            -45.77941363
                        ],
                        [
                            167.71568176,
                            -45.77841822
                        ],
                        [
                            167.71555604,
                            -45.7774228
                        ],
                        [
                            167.71441669,
                            -45.77680028
                        ],
                        [
                            167.71327735,
                            -45.77617775
                        ],
                        [
                            167.71213804,
                            -45.77555521
                        ],
                        [
                            167.71099876,
                            -45.77493267
                        ],
                        [
                            167.70971963,
                            -45.77464638
                        ],
                        [
                            167.70844051,
                            -45.77436007
                        ],
                        [
                            167.70716141,
                            -45.77407375
                        ],
                        [
                            167.70588231,
                            -45.77378742
                        ],
                        [
                            167.70450674,
                            -45.77360329
                        ],
                        [
                            167.70313118,
                            -45.77341915
                        ],
                        [
                            167.70175563,
                            -45.77323498
                        ],
                        [
                            167.70038009,
                            -45.7730508
                        ],
                        [
                            167.69900454,
                            -45.77286661
                        ],
                        [
                            167.69799135,
                            -45.77205932
                        ],
                        [
                            167.69697819,
                            -45.77125201
                        ],
                        [
                            167.69596505,
                            -45.77044469
                        ],
                        [
                            167.69471714,
                            -45.77099714
                        ],
                        [
                            167.69346921,
                            -45.77154957
                        ],
                        [
                            167.69222125,
                            -45.77210199
                        ],
                        [
                            167.69097326,
                            -45.77265439
                        ],
                        [
                            167.68943892,
                            -45.77277503
                        ],
                        [
                            167.68790456,
                            -45.77289565
                        ],
                        [
                            167.6863702,
                            -45.77301625
                        ],
                        [
                            167.68483584,
                            -45.77313682
                        ],
                        [
                            167.68383478,
                            -45.7738744
                        ],
                        [
                            167.68283369,
                            -45.77461198
                        ],
                        [
                            167.68183258,
                            -45.77534954
                        ],
                        [
                            167.68083145,
                            -45.7760871
                        ],
                        [
                            167.67983028,
                            -45.77682464
                        ],
                        [
                            167.67882909,
                            -45.77756218
                        ],
                        [
                            167.67782787,
                            -45.77829971
                        ],
                        [
                            167.67642285,
                            -45.77819766
                        ],
                        [
                            167.67501783,
                            -45.7780956
                        ],
                        [
                            167.67361282,
                            -45.77799351
                        ],
                        [
                            167.67220781,
                            -45.77789141
                        ],
                        [
                            167.67111327,
                            -45.77718167
                        ],
                        [
                            167.67001876,
                            -45.77647192
                        ],
                        [
                            167.66892428,
                            -45.77576216
                        ],
                        [
                            167.6689148,
                            -45.77469582
                        ],
                        [
                            167.66890532,
                            -45.77362948
                        ],
                        [
                            167.66997216,
                            -45.77268836
                        ],
                        [
                            167.67103897,
                            -45.77174724
                        ],
                        [
                            167.67259574,
                            -45.77197048
                        ],
                        [
                            167.67415253,
                            -45.7721937
                        ],
                        [
                            167.67570932,
                            -45.7724169
                        ],
                        [
                            167.67726613,
                            -45.77264008
                        ],
                        [
                            167.67846491,
                            -45.77261853
                        ],
                        [
                            167.67966369,
                            -45.77259697
                        ],
                        [
                            167.67980947,
                            -45.77161384
                        ],
                        [
                            167.67995524,
                            -45.77063071
                        ],
                        [
                            167.680101,
                            -45.76964758
                        ],
                        [
                            167.68024676,
                            -45.76866445
                        ],
                        [
                            167.67945762,
                            -45.76779104
                        ],
                        [
                            167.67866851,
                            -45.76691762
                        ],
                        [
                            167.67752883,
                            -45.76747481
                        ],
                        [
                            167.67638914,
                            -45.76803199
                        ],
                        [
                            167.67524942,
                            -45.76858916
                        ],
                        [
                            167.67410968,
                            -45.76914631
                        ],
                        [
                            167.67355846,
                            -45.76805528
                        ],
                        [
                            167.67397515,
                            -45.76708451
                        ],
                        [
                            167.67439182,
                            -45.76611373
                        ],
                        [
                            167.67480848,
                            -45.76514294
                        ],
                        [
                            167.67522513,
                            -45.76417216
                        ],
                        [
                            167.67564176,
                            -45.76320137
                        ],
                        [
                            167.67605838,
                            -45.76223059
                        ],
                        [
                            167.67717088,
                            -45.76167218
                        ],
                        [
                            167.67828336,
                            -45.76111376
                        ],
                        [
                            167.67939581,
                            -45.76055533
                        ],
                        [
                            167.68050824,
                            -45.75999688
                        ],
                        [
                            167.68162065,
                            -45.75943843
                        ],
                        [
                            167.68273304,
                            -45.75887997
                        ],
                        [
                            167.68384541,
                            -45.75832149
                        ],
                        [
                            167.68495775,
                            -45.757763
                        ],
                        [
                            167.68620194,
                            -45.75724857
                        ],
                        [
                            167.68744611,
                            -45.75673413
                        ],
                        [
                            167.68869026,
                            -45.75621967
                        ],
                        [
                            167.68993438,
                            -45.75570519
                        ],
                        [
                            167.69128979,
                            -45.75610177
                        ],
                        [
                            167.69264522,
                            -45.75649833
                        ],
                        [
                            167.69400067,
                            -45.75689488
                        ],
                        [
                            167.69535614,
                            -45.75729141
                        ],
                        [
                            167.69671163,
                            -45.75768793
                        ],
                        [
                            167.6981074,
                            -45.75788449
                        ],
                        [
                            167.69950318,
                            -45.75808104
                        ],
                        [
                            167.70089897,
                            -45.75827759
                        ],
                        [
                            167.70229476,
                            -45.75847411
                        ],
                        [
                            167.70369056,
                            -45.75867062
                        ],
                        [
                            167.70508638,
                            -45.75886712
                        ],
                        [
                            167.7064822,
                            -45.75906359
                        ],
                        [
                            167.70787803,
                            -45.75926005
                        ],
                        [
                            167.70939445,
                            -45.75932872
                        ],
                        [
                            167.71091087,
                            -45.75939737
                        ],
                        [
                            167.71242729,
                            -45.75946599
                        ],
                        [
                            167.71394372,
                            -45.7595346
                        ],
                        [
                            167.7140277,
                            -45.75862479
                        ],
                        [
                            167.71346728,
                            -45.7577946
                        ],
                        [
                            167.71290687,
                            -45.7569644
                        ],
                        [
                            167.71234648,
                            -45.7561342
                        ],
                        [
                            167.71178611,
                            -45.75530399
                        ],
                        [
                            167.71122575,
                            -45.75447378
                        ],
                        [
                            167.71066541,
                            -45.75364357
                        ],
                        [
                            167.71010508,
                            -45.75281336
                        ],
                        [
                            167.70954477,
                            -45.75198314
                        ],
                        [
                            167.70898448,
                            -45.75115292
                        ],
                        [
                            167.70842421,
                            -45.7503227
                        ],
                        [
                            167.70786395,
                            -45.74949248
                        ],
                        [
                            167.70730371,
                            -45.74866225
                        ],
                        [
                            167.70674348,
                            -45.74783202
                        ],
                        [
                            167.70618327,
                            -45.74700179
                        ],
                        [
                            167.70507489,
                            -45.74644399
                        ],
                        [
                            167.70396653,
                            -45.74588619
                        ],
                        [
                            167.70285819,
                            -45.74532837
                        ],
                        [
                            167.70168666,
                            -45.74571513
                        ],
                        [
                            167.70051512,
                            -45.74610188
                        ],
                        [
                            167.69934356,
                            -45.74648863
                        ],
                        [
                            167.69817197,
                            -45.74687536
                        ],
                        [
                            167.69700037,
                            -45.74726208
                        ],
                        [
                            167.69582876,
                            -45.7476488
                        ],
                        [
                            167.69465713,
                            -45.74803549
                        ],
                        [
                            167.69348548,
                            -45.74842218
                        ],
                        [
                            167.69231382,
                            -45.74880885
                        ],
                        [
                            167.69114214,
                            -45.74919552
                        ],
                        [
                            167.68997044,
                            -45.74958217
                        ],
                        [
                            167.68879873,
                            -45.74996881
                        ],
                        [
                            167.687627,
                            -45.75035543
                        ],
                        [
                            167.68645526,
                            -45.75074204
                        ],
                        [
                            167.6852835,
                            -45.75112865
                        ],
                        [
                            167.68411172,
                            -45.75151524
                        ],
                        [
                            167.68293993,
                            -45.75190181
                        ],
                        [
                            167.68176812,
                            -45.75228838
                        ],
                        [
                            167.6805963,
                            -45.75267493
                        ],
                        [
                            167.67942446,
                            -45.75306147
                        ],
                        [
                            167.6782526,
                            -45.753448
                        ],
                        [
                            167.67708073,
                            -45.75383452
                        ],
                        [
                            167.67590884,
                            -45.75422103
                        ],
                        [
                            167.67473693,
                            -45.75460752
                        ],
                        [
                            167.67356501,
                            -45.754994
                        ],
                        [
                            167.67239307,
                            -45.75538047
                        ],
                        [
                            167.67122112,
                            -45.75576693
                        ],
                        [
                            167.67119925,
                            -45.75678108
                        ],
                        [
                            167.67117737,
                            -45.75779523
                        ],
                        [
                            167.67115549,
                            -45.75880939
                        ],
                        [
                            167.67055013,
                            -45.75961293
                        ],
                        [
                            167.66994476,
                            -45.76041646
                        ],
                        [
                            167.66933937,
                            -45.76121999
                        ],
                        [
                            167.66873396,
                            -45.76202352
                        ],
                        [
                            167.66812853,
                            -45.76282705
                        ],
                        [
                            167.66752308,
                            -45.76363057
                        ],
                        [
                            167.66691762,
                            -45.76443409
                        ],
                        [
                            167.66631214,
                            -45.76523761
                        ],
                        [
                            167.66570664,
                            -45.76604112
                        ],
                        [
                            167.66510113,
                            -45.76684463
                        ],
                        [
                            167.6644956,
                            -45.76764813
                        ],
                        [
                            167.66389005,
                            -45.76845163
                        ],
                        [
                            167.66328448,
                            -45.76925513
                        ],
                        [
                            167.6626789,
                            -45.77005863
                        ],
                        [
                            167.66207329,
                            -45.77086212
                        ],
                        [
                            167.66146768,
                            -45.77166561
                        ],
                        [
                            167.66086204,
                            -45.77246909
                        ],
                        [
                            167.66025638,
                            -45.77327258
                        ],
                        [
                            167.65965071,
                            -45.77407606
                        ],
                        [
                            167.65904502,
                            -45.77487953
                        ],
                        [
                            167.65843932,
                            -45.775683
                        ],
                        [
                            167.65783359,
                            -45.77648647
                        ],
                        [
                            167.65722785,
                            -45.77728994
                        ],
                        [
                            167.65651085,
                            -45.77807839
                        ],
                        [
                            167.65579383,
                            -45.77886684
                        ],
                        [
                            167.65507679,
                            -45.77965529
                        ],
                        [
                            167.65435973,
                            -45.78044373
                        ],
                        [
                            167.65364265,
                            -45.78123216
                        ],
                        [
                            167.65292555,
                            -45.78202059
                        ],
                        [
                            167.65220843,
                            -45.78280902
                        ],
                        [
                            167.65149129,
                            -45.78359744
                        ],
                        [
                            167.65077413,
                            -45.78438586
                        ],
                        [
                            167.65005695,
                            -45.78517427
                        ],
                        [
                            167.64933975,
                            -45.78596268
                        ],
                        [
                            167.64862253,
                            -45.78675108
                        ],
                        [
                            167.64790529,
                            -45.78753948
                        ],
                        [
                            167.64718803,
                            -45.78832788
                        ],
                        [
                            167.64647074,
                            -45.78911627
                        ],
                        [
                            167.64575344,
                            -45.78990465
                        ],
                        [
                            167.6448263,
                            -45.79013923
                        ],
                        [
                            167.64389915,
                            -45.79037379
                        ],
                        [
                            167.64248073,
                            -45.79102119
                        ],
                        [
                            167.64106228,
                            -45.79166858
                        ],
                        [
                            167.63951017,
                            -45.79172934
                        ],
                        [
                            167.63795807,
                            -45.79179008
                        ],
                        [
                            167.63640595,
                            -45.7918508
                        ],
                        [
                            167.63503916,
                            -45.79194639
                        ],
                        [
                            167.63367235,
                            -45.79204196
                        ],
                        [
                            167.6325622,
                            -45.79302003
                        ],
                        [
                            167.63145201,
                            -45.79399808
                        ],
                        [
                            167.63147962,
                            -45.79490964
                        ],
                        [
                            167.63150722,
                            -45.7958212
                        ],
                        [
                            167.63296273,
                            -45.79638936
                        ],
                        [
                            167.63441826,
                            -45.7969575
                        ],
                        [
                            167.63587383,
                            -45.79752561
                        ],
                        [
                            167.63442467,
                            -45.79789447
                        ],
                        [
                            167.6329755,
                            -45.79826331
                        ],
                        [
                            167.63340027,
                            -45.79936461
                        ],
                        [
                            167.63382505,
                            -45.80046592
                        ],
                        [
                            167.63424986,
                            -45.80156722
                        ],
                        [
                            167.63429856,
                            -45.80249559
                        ],
                        [
                            167.63434727,
                            -45.80342395
                        ],
                        [
                            167.63439598,
                            -45.80435232
                        ],
                        [
                            167.63444469,
                            -45.80528068
                        ],
                        [
                            167.63449341,
                            -45.80620905
                        ],
                        [
                            167.63454212,
                            -45.80713741
                        ],
                        [
                            167.63459084,
                            -45.80806578
                        ],
                        [
                            167.63463955,
                            -45.80899414
                        ],
                        [
                            167.63468827,
                            -45.80992251
                        ],
                        [
                            167.63473699,
                            -45.81085087
                        ],
                        [
                            167.6337247,
                            -45.81147159
                        ],
                        [
                            167.63271238,
                            -45.81209231
                        ],
                        [
                            167.63170004,
                            -45.81271301
                        ],
                        [
                            167.63068767,
                            -45.8133337
                        ],
                        [
                            167.62967529,
                            -45.81395439
                        ],
                        [
                            167.62866288,
                            -45.81457507
                        ],
                        [
                            167.62765045,
                            -45.81519573
                        ],
                        [
                            167.62713132,
                            -45.81469694
                        ],
                        [
                            167.6266122,
                            -45.81419815
                        ],
                        [
                            167.62511431,
                            -45.81407653
                        ],
                        [
                            167.62361643,
                            -45.8139549
                        ],
                        [
                            167.62211856,
                            -45.81383325
                        ],
                        [
                            167.62071412,
                            -45.81432274
                        ],
                        [
                            167.62006898,
                            -45.81516379
                        ],
                        [
                            167.61942382,
                            -45.81600483
                        ],
                        [
                            167.61942708,
                            -45.81691529
                        ],
                        [
                            167.61943033,
                            -45.81782575
                        ],
                        [
                            167.61943359,
                            -45.8187362
                        ],
                        [
                            167.61943685,
                            -45.81964666
                        ],
                        [
                            167.61944011,
                            -45.82055712
                        ],
                        [
                            167.61944336,
                            -45.82146757
                        ],
                        [
                            167.61944662,
                            -45.82237803
                        ],
                        [
                            167.61944988,
                            -45.82328848
                        ],
                        [
                            167.61945314,
                            -45.82419894
                        ],
                        [
                            167.61945639,
                            -45.8251094
                        ],
                        [
                            167.61945965,
                            -45.82601985
                        ],
                        [
                            167.61946291,
                            -45.82693031
                        ],
                        [
                            167.61946617,
                            -45.82784076
                        ],
                        [
                            167.61946942,
                            -45.82875122
                        ],
                        [
                            167.61953378,
                            -45.82975155
                        ],
                        [
                            167.61959813,
                            -45.83075189
                        ],
                        [
                            167.61966249,
                            -45.83175223
                        ],
                        [
                            167.61972685,
                            -45.83275257
                        ],
                        [
                            167.61979121,
                            -45.8337529
                        ],
                        [
                            167.62054386,
                            -45.83457909
                        ],
                        [
                            167.62129653,
                            -45.83540527
                        ],
                        [
                            167.62204923,
                            -45.83623145
                        ],
                        [
                            167.62342573,
                            -45.83580395
                        ],
                        [
                            167.6248022,
                            -45.83537644
                        ],
                        [
                            167.62617866,
                            -45.83494892
                        ],
                        [
                            167.62755509,
                            -45.83452138
                        ],
                        [
                            167.6289315,
                            -45.83409382
                        ],
                        [
                            167.63021665,
                            -45.83464095
                        ],
                        [
                            167.63150182,
                            -45.83518808
                        ],
                        [
                            167.63278701,
                            -45.83573519
                        ],
                        [
                            167.63407223,
                            -45.83628228
                        ],
                        [
                            167.63467333,
                            -45.8366931
                        ],
                        [
                            167.63582236,
                            -45.83710774
                        ],
                        [
                            167.63697141,
                            -45.83752238
                        ],
                        [
                            167.63812047,
                            -45.837937
                        ],
                        [
                            167.6386888,
                            -45.8386976
                        ],
                        [
                            167.63925714,
                            -45.83945819
                        ],
                        [
                            167.64008878,
                            -45.8398476
                        ],
                        [
                            167.64092042,
                            -45.84023701
                        ],
                        [
                            167.6420497,
                            -45.84086359
                        ],
                        [
                            167.64280308,
                            -45.8416007
                        ],
                        [
                            167.64355649,
                            -45.8423378
                        ],
                        [
                            167.64448596,
                            -45.84314683
                        ],
                        [
                            167.64541545,
                            -45.84395586
                        ],
                        [
                            167.64507391,
                            -45.84467477
                        ],
                        [
                            167.64473235,
                            -45.84539368
                        ],
                        [
                            167.64540079,
                            -45.84606301
                        ],
                        [
                            167.64606924,
                            -45.84673233
                        ],
                        [
                            167.64624401,
                            -45.84768126
                        ],
                        [
                            167.64641879,
                            -45.84863018
                        ],
                        [
                            167.64659357,
                            -45.8495791
                        ],
                        [
                            167.64764622,
                            -45.84977697
                        ],
                        [
                            167.64808878,
                            -45.85077036
                        ],
                        [
                            167.64853135,
                            -45.85176375
                        ],
                        [
                            167.6477009,
                            -45.85262406
                        ],
                        [
                            167.64687042,
                            -45.85348436
                        ],
                        [
                            167.64545578,
                            -45.85371907
                        ],
                        [
                            167.64404112,
                            -45.85395376
                        ],
                        [
                            167.64219978,
                            -45.85416889
                        ],
                        [
                            167.64035841,
                            -45.854384
                        ],
                        [
                            167.63963447,
                            -45.85524913
                        ],
                        [
                            167.63891051,
                            -45.85611426
                        ],
                        [
                            167.63818652,
                            -45.85697939
                        ],
                        [
                            167.63746251,
                            -45.85784451
                        ],
                        [
                            167.63666678,
                            -45.85833205
                        ],
                        [
                            167.63587105,
                            -45.85881958
                        ],
                        [
                            167.63479604,
                            -45.85961869
                        ],
                        [
                            167.63372101,
                            -45.86041779
                        ],
                        [
                            167.63264594,
                            -45.86121688
                        ],
                        [
                            167.63222784,
                            -45.86224571
                        ],
                        [
                            167.63180972,
                            -45.86327455
                        ],
                        [
                            167.63038075,
                            -45.86365814
                        ],
                        [
                            167.62895176,
                            -45.86404172
                        ],
                        [
                            167.62809668,
                            -45.86493071
                        ],
                        [
                            167.62724158,
                            -45.8658197
                        ],
                        [
                            167.62638645,
                            -45.86670869
                        ],
                        [
                            167.62553129,
                            -45.86759766
                        ],
                        [
                            167.6246761,
                            -45.86848663
                        ],
                        [
                            167.62480531,
                            -45.86939087
                        ],
                        [
                            167.62493453,
                            -45.8702951
                        ],
                        [
                            167.6238114,
                            -45.87084239
                        ],
                        [
                            167.62268825,
                            -45.87138966
                        ],
                        [
                            167.62196733,
                            -45.87221741
                        ],
                        [
                            167.62124638,
                            -45.87304515
                        ],
                        [
                            167.6205254,
                            -45.87387289
                        ],
                        [
                            167.61980441,
                            -45.87470062
                        ],
                        [
                            167.61977255,
                            -45.87579709
                        ],
                        [
                            167.61974069,
                            -45.87689355
                        ],
                        [
                            167.61970883,
                            -45.87799001
                        ],
                        [
                            167.61952999,
                            -45.87912962
                        ],
                        [
                            167.61935115,
                            -45.88026923
                        ],
                        [
                            167.6191723,
                            -45.88140884
                        ],
                        [
                            167.61938121,
                            -45.88237664
                        ],
                        [
                            167.61959013,
                            -45.88334443
                        ],
                        [
                            167.61979905,
                            -45.88431222
                        ],
                        [
                            167.62000798,
                            -45.88528001
                        ],
                        [
                            167.62021692,
                            -45.8862478
                        ],
                        [
                            167.61983866,
                            -45.88722853
                        ],
                        [
                            167.61946038,
                            -45.88820926
                        ],
                        [
                            167.61908208,
                            -45.88918998
                        ],
                        [
                            167.61820847,
                            -45.88948552
                        ],
                        [
                            167.61733485,
                            -45.88978106
                        ],
                        [
                            167.61545137,
                            -45.88969444
                        ],
                        [
                            167.6135679,
                            -45.8896078
                        ],
                        [
                            167.61195211,
                            -45.88935731
                        ],
                        [
                            167.61033634,
                            -45.88910681
                        ],
                        [
                            167.60872058,
                            -45.88885628
                        ],
                        [
                            167.60728937,
                            -45.8889885
                        ],
                        [
                            167.60585815,
                            -45.88912071
                        ],
                        [
                            167.60432591,
                            -45.8886538
                        ],
                        [
                            167.6027937,
                            -45.88818687
                        ],
                        [
                            167.60126152,
                            -45.88771992
                        ],
                        [
                            167.59986142,
                            -45.88752324
                        ],
                        [
                            167.59846134,
                            -45.88732655
                        ],
                        [
                            167.59702626,
                            -45.88783274
                        ],
                        [
                            167.59559115,
                            -45.88833892
                        ],
                        [
                            167.59415602,
                            -45.88884508
                        ],
                        [
                            167.59243604,
                            -45.88902983
                        ],
                        [
                            167.59071604,
                            -45.88921456
                        ],
                        [
                            167.5904903,
                            -45.88960043
                        ],
                        [
                            167.59182188,
                            -45.8905206
                        ],
                        [
                            167.59315349,
                            -45.89144076
                        ],
                        [
                            167.59394111,
                            -45.89244586
                        ],
                        [
                            167.59472875,
                            -45.89345096
                        ],
                        [
                            167.59551642,
                            -45.89445605
                        ],
                        [
                            167.59674672,
                            -45.89411654
                        ],
                        [
                            167.59797701,
                            -45.89377702
                        ],
                        [
                            167.59920729,
                            -45.89343749
                        ],
                        [
                            167.60011174,
                            -45.89387551
                        ],
                        [
                            167.60101622,
                            -45.89431352
                        ],
                        [
                            167.60180698,
                            -45.89395369
                        ],
                        [
                            167.60259773,
                            -45.89359386
                        ],
                        [
                            167.6040501,
                            -45.89357274
                        ],
                        [
                            167.60550248,
                            -45.89355161
                        ],
                        [
                            167.60695485,
                            -45.89353046
                        ],
                        [
                            167.60832994,
                            -45.89365984
                        ],
                        [
                            167.60970504,
                            -45.89378921
                        ],
                        [
                            167.61108014,
                            -45.89391856
                        ],
                        [
                            167.61245525,
                            -45.8940479
                        ],
                        [
                            167.61383036,
                            -45.89417722
                        ],
                        [
                            167.61520549,
                            -45.89430652
                        ],
                        [
                            167.61602211,
                            -45.89467432
                        ],
                        [
                            167.61683874,
                            -45.89504211
                        ],
                        [
                            167.61713278,
                            -45.89593627
                        ],
                        [
                            167.61742684,
                            -45.89683043
                        ],
                        [
                            167.6177209,
                            -45.8977246
                        ],
                        [
                            167.61751113,
                            -45.8987453
                        ],
                        [
                            167.61730135,
                            -45.89976601
                        ],
                        [
                            167.61709157,
                            -45.90078672
                        ],
                        [
                            167.61688177,
                            -45.90180743
                        ],
                        [
                            167.61667197,
                            -45.90282813
                        ],
                        [
                            167.61689127,
                            -45.90376289
                        ],
                        [
                            167.61711057,
                            -45.90469764
                        ],
                        [
                            167.61732988,
                            -45.9056324
                        ],
                        [
                            167.6175492,
                            -45.90656715
                        ],
                        [
                            167.61776852,
                            -45.90750191
                        ],
                        [
                            167.61798786,
                            -45.90843666
                        ],
                        [
                            167.61820719,
                            -45.90937141
                        ],
                        [
                            167.61842654,
                            -45.91030616
                        ],
                        [
                            167.6182771,
                            -45.91138909
                        ],
                        [
                            167.61812765,
                            -45.91247201
                        ],
                        [
                            167.6179782,
                            -45.91355493
                        ],
                        [
                            167.61782874,
                            -45.91463786
                        ],
                        [
                            167.61897253,
                            -45.9152188
                        ],
                        [
                            167.62011634,
                            -45.91579972
                        ],
                        [
                            167.62126018,
                            -45.91638064
                        ],
                        [
                            167.62194203,
                            -45.91717811
                        ],
                        [
                            167.6226239,
                            -45.91797557
                        ],
                        [
                            167.62330579,
                            -45.91877302
                        ],
                        [
                            167.6239877,
                            -45.91957047
                        ],
                        [
                            167.62466963,
                            -45.92036792
                        ],
                        [
                            167.62583687,
                            -45.92089325
                        ],
                        [
                            167.62700413,
                            -45.92141856
                        ],
                        [
                            167.62817141,
                            -45.92194387
                        ],
                        [
                            167.62933871,
                            -45.92246916
                        ],
                        [
                            167.63050603,
                            -45.92299444
                        ],
                        [
                            167.63167338,
                            -45.9235197
                        ],
                        [
                            167.63284075,
                            -45.92404496
                        ],
                        [
                            167.63371742,
                            -45.92478623
                        ],
                        [
                            167.63459411,
                            -45.9255275
                        ],
                        [
                            167.63547083,
                            -45.92626877
                        ],
                        [
                            167.63634757,
                            -45.92701002
                        ],
                        [
                            167.63722433,
                            -45.92775127
                        ],
                        [
                            167.63810112,
                            -45.92849252
                        ],
                        [
                            167.63897793,
                            -45.92923375
                        ],
                        [
                            167.63985476,
                            -45.92997498
                        ],
                        [
                            167.64073161,
                            -45.93071621
                        ],
                        [
                            167.64160849,
                            -45.93145742
                        ],
                        [
                            167.6424854,
                            -45.93219863
                        ],
                        [
                            167.64336232,
                            -45.93293984
                        ],
                        [
                            167.64423927,
                            -45.93368103
                        ],
                        [
                            167.64465678,
                            -45.9346309
                        ],
                        [
                            167.6450743,
                            -45.93558076
                        ],
                        [
                            167.64549184,
                            -45.93653063
                        ],
                        [
                            167.64590939,
                            -45.93748049
                        ],
                        [
                            167.64632696,
                            -45.93843035
                        ],
                        [
                            167.64674454,
                            -45.93938021
                        ],
                        [
                            167.64716213,
                            -45.94033007
                        ],
                        [
                            167.64757974,
                            -45.94127992
                        ],
                        [
                            167.64838327,
                            -45.94211516
                        ],
                        [
                            167.64918683,
                            -45.9429504
                        ],
                        [
                            167.64999041,
                            -45.94378562
                        ],
                        [
                            167.65079401,
                            -45.94462085
                        ],
                        [
                            167.65159764,
                            -45.94545606
                        ],
                        [
                            167.6524013,
                            -45.94629127
                        ],
                        [
                            167.65203458,
                            -45.94740035
                        ],
                        [
                            167.65166785,
                            -45.94850943
                        ],
                        [
                            167.65130111,
                            -45.9496185
                        ],
                        [
                            167.65244431,
                            -45.94943503
                        ],
                        [
                            167.65374102,
                            -45.94941564
                        ],
                        [
                            167.65503772,
                            -45.94939623
                        ],
                        [
                            167.65609172,
                            -45.9495394
                        ],
                        [
                            167.65714571,
                            -45.94968256
                        ],
                        [
                            167.65804265,
                            -45.95059839
                        ],
                        [
                            167.65893961,
                            -45.95151423
                        ],
                        [
                            167.6598366,
                            -45.95243005
                        ],
                        [
                            167.66073362,
                            -45.95334587
                        ],
                        [
                            167.66196442,
                            -45.95366843
                        ],
                        [
                            167.66319524,
                            -45.95399098
                        ],
                        [
                            167.66442607,
                            -45.95431352
                        ],
                        [
                            167.66565691,
                            -45.95463604
                        ],
                        [
                            167.66705583,
                            -45.95463884
                        ],
                        [
                            167.66845475,
                            -45.95464162
                        ],
                        [
                            167.66985367,
                            -45.95464438
                        ],
                        [
                            167.67060348,
                            -45.95555166
                        ],
                        [
                            167.67135331,
                            -45.95645893
                        ],
                        [
                            167.67210317,
                            -45.9573662
                        ],
                        [
                            167.67220657,
                            -45.95835323
                        ],
                        [
                            167.67230997,
                            -45.95934026
                        ],
                        [
                            167.67241338,
                            -45.96032729
                        ],
                        [
                            167.6725168,
                            -45.96131432
                        ],
                        [
                            167.67262021,
                            -45.96230135
                        ],
                        [
                            167.67272363,
                            -45.96328838
                        ],
                        [
                            167.67282705,
                            -45.96427541
                        ],
                        [
                            167.67293048,
                            -45.96526244
                        ],
                        [
                            167.67245894,
                            -45.96628884
                        ],
                        [
                            167.67198738,
                            -45.96731523
                        ],
                        [
                            167.6715158,
                            -45.96834162
                        ],
                        [
                            167.67104421,
                            -45.96936801
                        ],
                        [
                            167.6705726,
                            -45.97039439
                        ],
                        [
                            167.67053989,
                            -45.97130247
                        ],
                        [
                            167.67050718,
                            -45.97221055
                        ],
                        [
                            167.67047446,
                            -45.97311863
                        ],
                        [
                            167.67044175,
                            -45.97402671
                        ],
                        [
                            167.67040903,
                            -45.97493479
                        ],
                        [
                            167.67037631,
                            -45.97584287
                        ],
                        [
                            167.67075252,
                            -45.97684229
                        ],
                        [
                            167.67112873,
                            -45.97784172
                        ],
                        [
                            167.67150496,
                            -45.97884114
                        ],
                        [
                            167.67188121,
                            -45.97984057
                        ],
                        [
                            167.67225746,
                            -45.98083999
                        ],
                        [
                            167.67263374,
                            -45.98183941
                        ],
                        [
                            167.67226628,
                            -45.98279292
                        ],
                        [
                            167.67189881,
                            -45.98374642
                        ],
                        [
                            167.67153132,
                            -45.98469993
                        ],
                        [
                            167.67116383,
                            -45.98565343
                        ],
                        [
                            167.67079632,
                            -45.98660693
                        ],
                        [
                            167.6704288,
                            -45.98756044
                        ],
                        [
                            167.67006126,
                            -45.98851394
                        ],
                        [
                            167.66969371,
                            -45.98946743
                        ],
                        [
                            167.66932615,
                            -45.99042093
                        ],
                        [
                            167.67013473,
                            -45.99152008
                        ],
                        [
                            167.67094334,
                            -45.99261923
                        ],
                        [
                            167.67079042,
                            -45.99361407
                        ],
                        [
                            167.6706375,
                            -45.99460891
                        ],
                        [
                            167.67048457,
                            -45.99560375
                        ],
                        [
                            167.66911944,
                            -45.99579217
                        ],
                        [
                            167.6677543,
                            -45.99598057
                        ],
                        [
                            167.66678433,
                            -45.99521018
                        ],
                        [
                            167.66581439,
                            -45.99443978
                        ],
                        [
                            167.66484447,
                            -45.99366937
                        ],
                        [
                            167.66387458,
                            -45.99289895
                        ],
                        [
                            167.66290472,
                            -45.99212853
                        ],
                        [
                            167.66198053,
                            -45.99112642
                        ],
                        [
                            167.66105639,
                            -45.9901243
                        ],
                        [
                            167.66013227,
                            -45.98912218
                        ],
                        [
                            167.65886458,
                            -45.9887514
                        ],
                        [
                            167.65759691,
                            -45.9883806
                        ],
                        [
                            167.65632925,
                            -45.98800979
                        ],
                        [
                            167.65506161,
                            -45.98763896
                        ],
                        [
                            167.65380644,
                            -45.98723112
                        ],
                        [
                            167.65255129,
                            -45.98682327
                        ],
                        [
                            167.65129616,
                            -45.9864154
                        ],
                        [
                            167.65004105,
                            -45.98600752
                        ],
                        [
                            167.64878595,
                            -45.98559963
                        ],
                        [
                            167.64753087,
                            -45.98519172
                        ],
                        [
                            167.64627582,
                            -45.9847838
                        ],
                        [
                            167.64502078,
                            -45.98437586
                        ],
                        [
                            167.64376575,
                            -45.98396791
                        ],
                        [
                            167.64251075,
                            -45.98355995
                        ],
                        [
                            167.64136341,
                            -45.98293506
                        ],
                        [
                            167.6402161,
                            -45.98231017
                        ],
                        [
                            167.63906881,
                            -45.98168526
                        ],
                        [
                            167.63792155,
                            -45.98106033
                        ],
                        [
                            167.63677431,
                            -45.9804354
                        ],
                        [
                            167.6356271,
                            -45.97981046
                        ],
                        [
                            167.63447992,
                            -45.9791855
                        ],
                        [
                            167.6329856,
                            -45.97915885
                        ],
                        [
                            167.63149129,
                            -45.97913219
                        ],
                        [
                            167.62999698,
                            -45.9791055
                        ],
                        [
                            167.62850268,
                            -45.9790788
                        ],
                        [
                            167.62700837,
                            -45.97905207
                        ],
                        [
                            167.62551406,
                            -45.97902533
                        ],
                        [
                            167.62418154,
                            -45.97887032
                        ],
                        [
                            167.62284903,
                            -45.97871529
                        ],
                        [
                            167.62151652,
                            -45.97856025
                        ],
                        [
                            167.62018402,
                            -45.97840519
                        ],
                        [
                            167.6190221,
                            -45.97882148
                        ],
                        [
                            167.61786016,
                            -45.97923775
                        ],
                        [
                            167.61669821,
                            -45.97965401
                        ],
                        [
                            167.61553624,
                            -45.98007026
                        ],
                        [
                            167.61408189,
                            -45.98025392
                        ],
                        [
                            167.61262752,
                            -45.98043756
                        ],
                        [
                            167.61117315,
                            -45.98062118
                        ],
                        [
                            167.60971877,
                            -45.98080478
                        ],
                        [
                            167.60826439,
                            -45.98098836
                        ],
                        [
                            167.60680999,
                            -45.98117192
                        ],
                        [
                            167.60630037,
                            -45.98023013
                        ],
                        [
                            167.60579078,
                            -45.97928833
                        ],
                        [
                            167.6052812,
                            -45.97834653
                        ],
                        [
                            167.60419577,
                            -45.97779566
                        ],
                        [
                            167.60311036,
                            -45.97724478
                        ],
                        [
                            167.60202498,
                            -45.97669388
                        ],
                        [
                            167.60093961,
                            -45.97614298
                        ],
                        [
                            167.59985427,
                            -45.97559206
                        ],
                        [
                            167.59876895,
                            -45.97504114
                        ],
                        [
                            167.59741502,
                            -45.97562222
                        ],
                        [
                            167.59606106,
                            -45.97620328
                        ],
                        [
                            167.59470708,
                            -45.97678433
                        ],
                        [
                            167.59335179,
                            -45.97676912
                        ],
                        [
                            167.5919965,
                            -45.9767539
                        ],
                        [
                            167.59064121,
                            -45.97673867
                        ],
                        [
                            167.58928593,
                            -45.97672341
                        ],
                        [
                            167.58793064,
                            -45.97670815
                        ],
                        [
                            167.58657536,
                            -45.97669286
                        ],
                        [
                            167.58522007,
                            -45.97667756
                        ],
                        [
                            167.58386479,
                            -45.97666224
                        ],
                        [
                            167.58259086,
                            -45.97721823
                        ],
                        [
                            167.58131691,
                            -45.97777421
                        ],
                        [
                            167.58004293,
                            -45.97833017
                        ],
                        [
                            167.57876893,
                            -45.97888612
                        ],
                        [
                            167.57845504,
                            -45.97990888
                        ],
                        [
                            167.57814113,
                            -45.98093165
                        ],
                        [
                            167.57782722,
                            -45.98195441
                        ],
                        [
                            167.5775133,
                            -45.98297718
                        ],
                        [
                            167.57719936,
                            -45.98399994
                        ],
                        [
                            167.57595257,
                            -45.98501161
                        ],
                        [
                            167.57470574,
                            -45.98602327
                        ],
                        [
                            167.57329718,
                            -45.98577985
                        ],
                        [
                            167.57188864,
                            -45.98553641
                        ],
                        [
                            167.57048011,
                            -45.98529295
                        ],
                        [
                            167.56907159,
                            -45.98504948
                        ],
                        [
                            167.56766308,
                            -45.98480599
                        ],
                        [
                            167.56631916,
                            -45.98495757
                        ],
                        [
                            167.56497524,
                            -45.98510914
                        ],
                        [
                            167.56363131,
                            -45.9852607
                        ],
                        [
                            167.56228738,
                            -45.98541223
                        ],
                        [
                            167.56094343,
                            -45.98556375
                        ],
                        [
                            167.5597852,
                            -45.98497532
                        ],
                        [
                            167.558627,
                            -45.98438688
                        ],
                        [
                            167.55746882,
                            -45.98379842
                        ],
                        [
                            167.55631066,
                            -45.98320996
                        ],
                        [
                            167.55512773,
                            -45.98374062
                        ],
                        [
                            167.55394478,
                            -45.98427127
                        ],
                        [
                            167.5527618,
                            -45.98480191
                        ],
                        [
                            167.5515788,
                            -45.98533254
                        ],
                        [
                            167.55039578,
                            -45.98586315
                        ],
                        [
                            167.54921274,
                            -45.98639375
                        ],
                        [
                            167.54802968,
                            -45.98692434
                        ],
                        [
                            167.54691944,
                            -45.98631254
                        ],
                        [
                            167.54580922,
                            -45.98570074
                        ],
                        [
                            167.54469903,
                            -45.98508892
                        ],
                        [
                            167.54358886,
                            -45.98447709
                        ],
                        [
                            167.54247872,
                            -45.98386525
                        ],
                        [
                            167.5413686,
                            -45.98325341
                        ],
                        [
                            167.54025851,
                            -45.98264155
                        ],
                        [
                            167.53954604,
                            -45.98177661
                        ],
                        [
                            167.53883359,
                            -45.98091167
                        ],
                        [
                            167.53812117,
                            -45.98004673
                        ],
                        [
                            167.53740877,
                            -45.97918178
                        ],
                        [
                            167.53669639,
                            -45.97831683
                        ],
                        [
                            167.53598403,
                            -45.97745187
                        ],
                        [
                            167.53527169,
                            -45.97658691
                        ],
                        [
                            167.53455938,
                            -45.97572194
                        ],
                        [
                            167.53384709,
                            -45.97485697
                        ],
                        [
                            167.53399673,
                            -45.97383021
                        ],
                        [
                            167.53414637,
                            -45.97280345
                        ],
                        [
                            167.534296,
                            -45.97177668
                        ],
                        [
                            167.53444563,
                            -45.97074992
                        ],
                        [
                            167.53459525,
                            -45.96972316
                        ],
                        [
                            167.53321274,
                            -45.96948043
                        ],
                        [
                            167.53183023,
                            -45.96923769
                        ],
                        [
                            167.53068174,
                            -45.96864939
                        ],
                        [
                            167.52953327,
                            -45.96806107
                        ],
                        [
                            167.52838482,
                            -45.96747275
                        ],
                        [
                            167.5272364,
                            -45.96688442
                        ],
                        [
                            167.526088,
                            -45.96629607
                        ],
                        [
                            167.52493963,
                            -45.96570771
                        ],
                        [
                            167.52379128,
                            -45.96511934
                        ],
                        [
                            167.52356704,
                            -45.96412858
                        ],
                        [
                            167.5233428,
                            -45.96313781
                        ],
                        [
                            167.52311857,
                            -45.96214705
                        ],
                        [
                            167.52289435,
                            -45.96115628
                        ],
                        [
                            167.52141437,
                            -45.96126531
                        ],
                        [
                            167.51993438,
                            -45.96137432
                        ],
                        [
                            167.51845439,
                            -45.96148331
                        ],
                        [
                            167.51697439,
                            -45.96159229
                        ],
                        [
                            167.51605918,
                            -45.96048004
                        ],
                        [
                            167.51514399,
                            -45.95936779
                        ],
                        [
                            167.51435758,
                            -45.95851108
                        ],
                        [
                            167.51357119,
                            -45.95765437
                        ],
                        [
                            167.51278482,
                            -45.95679766
                        ],
                        [
                            167.51199847,
                            -45.95594094
                        ],
                        [
                            167.51121215,
                            -45.95508421
                        ],
                        [
                            167.51168773,
                            -45.9541262
                        ],
                        [
                            167.5121633,
                            -45.95316819
                        ],
                        [
                            167.51263884,
                            -45.95221018
                        ],
                        [
                            167.51311437,
                            -45.95125216
                        ],
                        [
                            167.5123405,
                            -45.95044355
                        ],
                        [
                            167.51156666,
                            -45.94963494
                        ],
                        [
                            167.51079283,
                            -45.94882632
                        ],
                        [
                            167.51001903,
                            -45.9480177
                        ],
                        [
                            167.50924525,
                            -45.94720907
                        ],
                        [
                            167.50847149,
                            -45.94640043
                        ],
                        [
                            167.5077871,
                            -45.94554845
                        ],
                        [
                            167.50710272,
                            -45.94469647
                        ],
                        [
                            167.50641837,
                            -45.94384448
                        ],
                        [
                            167.50573404,
                            -45.94299249
                        ],
                        [
                            167.50504973,
                            -45.94214049
                        ],
                        [
                            167.50367049,
                            -45.94231341
                        ],
                        [
                            167.50229124,
                            -45.94248632
                        ],
                        [
                            167.50091198,
                            -45.94265921
                        ],
                        [
                            167.50042962,
                            -45.94170081
                        ],
                        [
                            167.49994728,
                            -45.94074241
                        ],
                        [
                            167.49946496,
                            -45.93978401
                        ],
                        [
                            167.49898265,
                            -45.9388256
                        ],
                        [
                            167.49973502,
                            -45.93808859
                        ],
                        [
                            167.50048736,
                            -45.93735156
                        ],
                        [
                            167.50123969,
                            -45.93661453
                        ],
                        [
                            167.501992,
                            -45.9358775
                        ],
                        [
                            167.50274429,
                            -45.93514046
                        ],
                        [
                            167.50349655,
                            -45.93440341
                        ],
                        [
                            167.50380813,
                            -45.93352685
                        ],
                        [
                            167.5041197,
                            -45.93265029
                        ],
                        [
                            167.50443126,
                            -45.93177373
                        ],
                        [
                            167.50474281,
                            -45.93089717
                        ],
                        [
                            167.50505435,
                            -45.93002061
                        ],
                        [
                            167.50536588,
                            -45.92914404
                        ],
                        [
                            167.5056774,
                            -45.92826748
                        ],
                        [
                            167.50598891,
                            -45.92739091
                        ],
                        [
                            167.50630041,
                            -45.92651435
                        ],
                        [
                            167.5068927,
                            -45.92566878
                        ],
                        [
                            167.50748497,
                            -45.9248232
                        ],
                        [
                            167.50807722,
                            -45.92397763
                        ],
                        [
                            167.50866945,
                            -45.92313205
                        ],
                        [
                            167.50926167,
                            -45.92228646
                        ],
                        [
                            167.50985386,
                            -45.92144088
                        ],
                        [
                            167.51044604,
                            -45.92059529
                        ],
                        [
                            167.5110382,
                            -45.9197497
                        ],
                        [
                            167.51163034,
                            -45.9189041
                        ],
                        [
                            167.51222247,
                            -45.9180585
                        ],
                        [
                            167.51087549,
                            -45.91746064
                        ],
                        [
                            167.50952854,
                            -45.91686276
                        ],
                        [
                            167.50807759,
                            -45.91707988
                        ],
                        [
                            167.50662663,
                            -45.91729697
                        ],
                        [
                            167.50517566,
                            -45.91751405
                        ],
                        [
                            167.50372467,
                            -45.91773111
                        ],
                        [
                            167.50227368,
                            -45.91794815
                        ],
                        [
                            167.50205932,
                            -45.9188471
                        ],
                        [
                            167.50184495,
                            -45.91974604
                        ],
                        [
                            167.50163058,
                            -45.92064498
                        ],
                        [
                            167.5014162,
                            -45.92154393
                        ],
                        [
                            167.50120181,
                            -45.92244287
                        ],
                        [
                            167.50098741,
                            -45.92334181
                        ],
                        [
                            167.50077301,
                            -45.92424075
                        ],
                        [
                            167.5005586,
                            -45.92513969
                        ],
                        [
                            167.50034418,
                            -45.92603863
                        ],
                        [
                            167.50012976,
                            -45.92693757
                        ],
                        [
                            167.499001,
                            -45.92738583
                        ],
                        [
                            167.49787223,
                            -45.92783409
                        ],
                        [
                            167.49674344,
                            -45.92828233
                        ],
                        [
                            167.49561463,
                            -45.92873055
                        ],
                        [
                            167.4944858,
                            -45.92917877
                        ],
                        [
                            167.49335696,
                            -45.92962698
                        ],
                        [
                            167.4922281,
                            -45.93007517
                        ],
                        [
                            167.49109921,
                            -45.93052336
                        ],
                        [
                            167.48997032,
                            -45.93097153
                        ],
                        [
                            167.4888414,
                            -45.93141969
                        ],
                        [
                            167.48771246,
                            -45.93186784
                        ],
                        [
                            167.48658351,
                            -45.93231598
                        ],
                        [
                            167.48545454,
                            -45.93276411
                        ],
                        [
                            167.48432555,
                            -45.93321222
                        ],
                        [
                            167.48319654,
                            -45.93366033
                        ],
                        [
                            167.48206752,
                            -45.93410842
                        ],
                        [
                            167.48093955,
                            -45.93454541
                        ],
                        [
                            167.47981156,
                            -45.93498239
                        ],
                        [
                            167.47868355,
                            -45.93541936
                        ],
                        [
                            167.47755553,
                            -45.93585632
                        ],
                        [
                            167.47642749,
                            -45.93629327
                        ],
                        [
                            167.47529943,
                            -45.93673021
                        ],
                        [
                            167.47417136,
                            -45.93716713
                        ],
                        [
                            167.47304326,
                            -45.93760405
                        ],
                        [
                            167.47439939,
                            -45.93777946
                        ],
                        [
                            167.47575552,
                            -45.93795485
                        ],
                        [
                            167.47711166,
                            -45.93813023
                        ],
                        [
                            167.47846781,
                            -45.93830559
                        ],
                        [
                            167.47982396,
                            -45.93848094
                        ],
                        [
                            167.48118013,
                            -45.93865627
                        ],
                        [
                            167.4825363,
                            -45.93883159
                        ],
                        [
                            167.48389249,
                            -45.93900689
                        ],
                        [
                            167.48457815,
                            -45.93984126
                        ],
                        [
                            167.48526384,
                            -45.94067564
                        ],
                        [
                            167.48476216,
                            -45.94189968
                        ],
                        [
                            167.48426047,
                            -45.94312373
                        ],
                        [
                            167.48295447,
                            -45.94341868
                        ],
                        [
                            167.48164845,
                            -45.94371362
                        ],
                        [
                            167.48034242,
                            -45.94400854
                        ],
                        [
                            167.47903638,
                            -45.94430345
                        ],
                        [
                            167.47773032,
                            -45.94459834
                        ],
                        [
                            167.47642425,
                            -45.94489322
                        ],
                        [
                            167.47495599,
                            -45.94475265
                        ],
                        [
                            167.47348773,
                            -45.94461207
                        ],
                        [
                            167.47201948,
                            -45.94447146
                        ],
                        [
                            167.47055124,
                            -45.94433084
                        ],
                        [
                            167.469083,
                            -45.9441902
                        ],
                        [
                            167.46764842,
                            -45.94422937
                        ],
                        [
                            167.46621383,
                            -45.94426852
                        ],
                        [
                            167.46477924,
                            -45.94430766
                        ],
                        [
                            167.46334464,
                            -45.94434677
                        ],
                        [
                            167.46191005,
                            -45.94438587
                        ],
                        [
                            167.46132957,
                            -45.94334837
                        ],
                        [
                            167.4607491,
                            -45.94231087
                        ],
                        [
                            167.46016866,
                            -45.94127337
                        ],
                        [
                            167.45910577,
                            -45.94183285
                        ],
                        [
                            167.45804285,
                            -45.94239232
                        ],
                        [
                            167.45697991,
                            -45.94295177
                        ],
                        [
                            167.45591694,
                            -45.94351122
                        ],
                        [
                            167.45485396,
                            -45.94407066
                        ],
                        [
                            167.45379096,
                            -45.94463009
                        ],
                        [
                            167.45272793,
                            -45.94518951
                        ],
                        [
                            167.45166488,
                            -45.94574892
                        ],
                        [
                            167.45060182,
                            -45.94630832
                        ],
                        [
                            167.44953873,
                            -45.94686771
                        ],
                        [
                            167.44847562,
                            -45.94742709
                        ],
                        [
                            167.44741248,
                            -45.94798646
                        ],
                        [
                            167.44634933,
                            -45.94854581
                        ],
                        [
                            167.44528615,
                            -45.94910516
                        ],
                        [
                            167.44422296,
                            -45.9496645
                        ],
                        [
                            167.44315974,
                            -45.95022383
                        ],
                        [
                            167.4420965,
                            -45.95078315
                        ],
                        [
                            167.44103324,
                            -45.95134246
                        ],
                        [
                            167.43996996,
                            -45.95190176
                        ],
                        [
                            167.44027358,
                            -45.95271828
                        ],
                        [
                            167.4405772,
                            -45.95353479
                        ],
                        [
                            167.4419386,
                            -45.95333206
                        ],
                        [
                            167.44329998,
                            -45.9531293
                        ],
                        [
                            167.44466136,
                            -45.95292654
                        ],
                        [
                            167.44602272,
                            -45.95272375
                        ],
                        [
                            167.44705579,
                            -45.95348572
                        ],
                        [
                            167.44808889,
                            -45.95424769
                        ],
                        [
                            167.44912201,
                            -45.95500964
                        ],
                        [
                            167.44790815,
                            -45.95566507
                        ],
                        [
                            167.44669426,
                            -45.95632048
                        ],
                        [
                            167.44521817,
                            -45.95660696
                        ],
                        [
                            167.44374206,
                            -45.95689342
                        ],
                        [
                            167.44226593,
                            -45.95717985
                        ],
                        [
                            167.44091377,
                            -45.9569597
                        ],
                        [
                            167.43956162,
                            -45.95673954
                        ],
                        [
                            167.43820949,
                            -45.95651936
                        ],
                        [
                            167.43685736,
                            -45.95629916
                        ],
                        [
                            167.43550524,
                            -45.95607895
                        ],
                        [
                            167.43415313,
                            -45.95585872
                        ],
                        [
                            167.43280104,
                            -45.95563848
                        ],
                        [
                            167.43144896,
                            -45.95541822
                        ],
                        [
                            167.43064373,
                            -45.9546924
                        ],
                        [
                            167.42983853,
                            -45.95396657
                        ],
                        [
                            167.42903335,
                            -45.95324074
                        ],
                        [
                            167.42822819,
                            -45.95251491
                        ],
                        [
                            167.42742305,
                            -45.95178907
                        ],
                        [
                            167.42661793,
                            -45.95106322
                        ],
                        [
                            167.42581284,
                            -45.95033737
                        ],
                        [
                            167.42447751,
                            -45.95027378
                        ],
                        [
                            167.42314218,
                            -45.95021018
                        ],
                        [
                            167.42180686,
                            -45.95014656
                        ],
                        [
                            167.42047154,
                            -45.95008293
                        ],
                        [
                            167.42052335,
                            -45.95111924
                        ],
                        [
                            167.42057517,
                            -45.95215554
                        ],
                        [
                            167.42062698,
                            -45.95319185
                        ],
                        [
                            167.4206788,
                            -45.95422815
                        ],
                        [
                            167.42073062,
                            -45.95526446
                        ],
                        [
                            167.41943642,
                            -45.95543195
                        ],
                        [
                            167.41814222,
                            -45.95559943
                        ],
                        [
                            167.416848,
                            -45.9557669
                        ],
                        [
                            167.41555378,
                            -45.95593435
                        ],
                        [
                            167.41425955,
                            -45.95610179
                        ],
                        [
                            167.41296532,
                            -45.95626921
                        ],
                        [
                            167.41167107,
                            -45.95643662
                        ],
                        [
                            167.41065783,
                            -45.95576132
                        ],
                        [
                            167.40964461,
                            -45.955086
                        ],
                        [
                            167.40863142,
                            -45.95441068
                        ],
                        [
                            167.40761825,
                            -45.95373535
                        ],
                        [
                            167.4066051,
                            -45.95306002
                        ],
                        [
                            167.40508194,
                            -45.95300726
                        ],
                        [
                            167.40355878,
                            -45.95295449
                        ],
                        [
                            167.40203562,
                            -45.9529017
                        ],
                        [
                            167.40182827,
                            -45.95385598
                        ],
                        [
                            167.40162091,
                            -45.95481025
                        ],
                        [
                            167.40141355,
                            -45.95576453
                        ],
                        [
                            167.40120618,
                            -45.95671881
                        ],
                        [
                            167.4009988,
                            -45.95767308
                        ],
                        [
                            167.40228092,
                            -45.95818604
                        ],
                        [
                            167.40356307,
                            -45.95869898
                        ],
                        [
                            167.40484524,
                            -45.95921191
                        ],
                        [
                            167.40612743,
                            -45.95972482
                        ],
                        [
                            167.40740965,
                            -45.96023772
                        ],
                        [
                            167.40869189,
                            -45.9607506
                        ],
                        [
                            167.40742923,
                            -45.96146271
                        ],
                        [
                            167.40616653,
                            -45.9621748
                        ],
                        [
                            167.4049038,
                            -45.96288688
                        ],
                        [
                            167.40362189,
                            -45.96336037
                        ],
                        [
                            167.40233996,
                            -45.96383384
                        ],
                        [
                            167.401058,
                            -45.96430729
                        ],
                        [
                            167.39977602,
                            -45.96478073
                        ],
                        [
                            167.39849402,
                            -45.96525416
                        ],
                        [
                            167.397212,
                            -45.96572757
                        ],
                        [
                            167.39681941,
                            -45.96660004
                        ],
                        [
                            167.39642681,
                            -45.9674725
                        ],
                        [
                            167.3960342,
                            -45.96834496
                        ],
                        [
                            167.39564157,
                            -45.96921743
                        ],
                        [
                            167.39524893,
                            -45.97008988
                        ],
                        [
                            167.39467992,
                            -45.97093607
                        ],
                        [
                            167.39411089,
                            -45.97178226
                        ],
                        [
                            167.39354185,
                            -45.97262845
                        ],
                        [
                            167.39297279,
                            -45.97347463
                        ],
                        [
                            167.39240371,
                            -45.97432081
                        ],
                        [
                            167.39183461,
                            -45.97516698
                        ],
                        [
                            167.3912655,
                            -45.97601315
                        ],
                        [
                            167.39069636,
                            -45.97685932
                        ],
                        [
                            167.39012721,
                            -45.97770549
                        ],
                        [
                            167.38955805,
                            -45.97855165
                        ],
                        [
                            167.3881446,
                            -45.97858459
                        ],
                        [
                            167.38673115,
                            -45.9786175
                        ],
                        [
                            167.3853177,
                            -45.9786504
                        ],
                        [
                            167.38390425,
                            -45.97868328
                        ],
                        [
                            167.3824908,
                            -45.97871614
                        ],
                        [
                            167.38164862,
                            -45.9794059
                        ],
                        [
                            167.38080642,
                            -45.98009566
                        ],
                        [
                            167.3799642,
                            -45.98078542
                        ],
                        [
                            167.37912196,
                            -45.98147516
                        ],
                        [
                            167.3782797,
                            -45.9821649
                        ],
                        [
                            167.37700268,
                            -45.98257979
                        ],
                        [
                            167.37572565,
                            -45.98299466
                        ],
                        [
                            167.37444859,
                            -45.98340952
                        ],
                        [
                            167.37317152,
                            -45.98382437
                        ],
                        [
                            167.37189442,
                            -45.9842392
                        ],
                        [
                            167.37061731,
                            -45.98465402
                        ],
                        [
                            167.36934018,
                            -45.98506882
                        ],
                        [
                            167.36770405,
                            -45.98553267
                        ],
                        [
                            167.36606789,
                            -45.9859965
                        ],
                        [
                            167.36466441,
                            -45.98595852
                        ],
                        [
                            167.36326094,
                            -45.98592052
                        ],
                        [
                            167.36185746,
                            -45.98588251
                        ],
                        [
                            167.36048219,
                            -45.98600757
                        ],
                        [
                            167.35910691,
                            -45.98613262
                        ],
                        [
                            167.35773163,
                            -45.98625765
                        ],
                        [
                            167.35635634,
                            -45.98638267
                        ],
                        [
                            167.35498104,
                            -45.98650766
                        ],
                        [
                            167.35350158,
                            -45.98610359
                        ],
                        [
                            167.35202213,
                            -45.98569951
                        ],
                        [
                            167.35054271,
                            -45.9852954
                        ],
                        [
                            167.34906332,
                            -45.98489127
                        ],
                        [
                            167.34785334,
                            -45.98455139
                        ],
                        [
                            167.34664338,
                            -45.9842115
                        ],
                        [
                            167.34543344,
                            -45.98387159
                        ],
                        [
                            167.34422351,
                            -45.98353167
                        ],
                        [
                            167.3430136,
                            -45.98319174
                        ],
                        [
                            167.3418037,
                            -45.9828518
                        ],
                        [
                            167.34125369,
                            -45.98202567
                        ],
                        [
                            167.3407037,
                            -45.98119953
                        ],
                        [
                            167.34015372,
                            -45.98037339
                        ],
                        [
                            167.33960376,
                            -45.97954726
                        ],
                        [
                            167.33905382,
                            -45.97872111
                        ],
                        [
                            167.33850389,
                            -45.97789497
                        ],
                        [
                            167.33795398,
                            -45.97706882
                        ],
                        [
                            167.33740408,
                            -45.97624267
                        ],
                        [
                            167.3368542,
                            -45.97541652
                        ],
                        [
                            167.33630434,
                            -45.97459036
                        ],
                        [
                            167.33575449,
                            -45.9737642
                        ],
                        [
                            167.33489707,
                            -45.97301695
                        ],
                        [
                            167.33403968,
                            -45.97226969
                        ],
                        [
                            167.3331823,
                            -45.97152243
                        ],
                        [
                            167.33232495,
                            -45.97077516
                        ],
                        [
                            167.33146762,
                            -45.97002788
                        ],
                        [
                            167.33061032,
                            -45.9692806
                        ],
                        [
                            167.32975303,
                            -45.96853331
                        ],
                        [
                            167.32889578,
                            -45.96778601
                        ],
                        [
                            167.32803854,
                            -45.96703871
                        ],
                        [
                            167.32718133,
                            -45.9662914
                        ],
                        [
                            167.32632414,
                            -45.96554408
                        ],
                        [
                            167.32546697,
                            -45.96479676
                        ],
                        [
                            167.32400591,
                            -45.96457752
                        ],
                        [
                            167.32254486,
                            -45.96435827
                        ],
                        [
                            167.32108382,
                            -45.96413899
                        ],
                        [
                            167.31967244,
                            -45.96463784
                        ],
                        [
                            167.31826104,
                            -45.96513668
                        ],
                        [
                            167.31781155,
                            -45.96424752
                        ],
                        [
                            167.31736207,
                            -45.96335836
                        ],
                        [
                            167.31691262,
                            -45.9624692
                        ],
                        [
                            167.31646317,
                            -45.96158004
                        ],
                        [
                            167.31601374,
                            -45.96069088
                        ],
                        [
                            167.31556432,
                            -45.95980171
                        ],
                        [
                            167.31511492,
                            -45.95891255
                        ],
                        [
                            167.31466553,
                            -45.95802338
                        ],
                        [
                            167.31421615,
                            -45.95713421
                        ],
                        [
                            167.31462627,
                            -45.95617741
                        ],
                        [
                            167.31503638,
                            -45.95522062
                        ],
                        [
                            167.31544647,
                            -45.95426382
                        ],
                        [
                            167.31585655,
                            -45.95330703
                        ],
                        [
                            167.31626661,
                            -45.95235023
                        ],
                        [
                            167.31667666,
                            -45.95139342
                        ],
                        [
                            167.3170867,
                            -45.95043662
                        ],
                        [
                            167.31749672,
                            -45.94947982
                        ],
                        [
                            167.31790673,
                            -45.94852301
                        ],
                        [
                            167.317539,
                            -45.94762772
                        ],
                        [
                            167.31717128,
                            -45.94673243
                        ],
                        [
                            167.31680358,
                            -45.94583713
                        ],
                        [
                            167.31643589,
                            -45.94494184
                        ],
                        [
                            167.31606821,
                            -45.94404654
                        ],
                        [
                            167.31570054,
                            -45.94315124
                        ],
                        [
                            167.31533288,
                            -45.94225594
                        ],
                        [
                            167.31496524,
                            -45.94136064
                        ],
                        [
                            167.3145976,
                            -45.94046534
                        ],
                        [
                            167.31422998,
                            -45.93957004
                        ],
                        [
                            167.31386237,
                            -45.93867474
                        ],
                        [
                            167.3153723,
                            -45.93826409
                        ],
                        [
                            167.31688221,
                            -45.93785342
                        ],
                        [
                            167.31645237,
                            -45.93697655
                        ],
                        [
                            167.31602255,
                            -45.93609967
                        ],
                        [
                            167.31559274,
                            -45.93522278
                        ],
                        [
                            167.31516294,
                            -45.9343459
                        ],
                        [
                            167.31473315,
                            -45.93346902
                        ],
                        [
                            167.31430338,
                            -45.93259213
                        ],
                        [
                            167.31387362,
                            -45.93171524
                        ],
                        [
                            167.31344388,
                            -45.93083835
                        ],
                        [
                            167.31301414,
                            -45.92996146
                        ],
                        [
                            167.31258443,
                            -45.92908457
                        ],
                        [
                            167.31215472,
                            -45.92820767
                        ],
                        [
                            167.31172503,
                            -45.92733077
                        ],
                        [
                            167.31129535,
                            -45.92645387
                        ],
                        [
                            167.31039334,
                            -45.92570461
                        ],
                        [
                            167.30949135,
                            -45.92495534
                        ],
                        [
                            167.30858938,
                            -45.92420606
                        ],
                        [
                            167.30768744,
                            -45.92345678
                        ],
                        [
                            167.30678553,
                            -45.92270749
                        ],
                        [
                            167.30588363,
                            -45.92195819
                        ],
                        [
                            167.30498177,
                            -45.92120888
                        ],
                        [
                            167.30407992,
                            -45.92045957
                        ],
                        [
                            167.3031781,
                            -45.91971025
                        ],
                        [
                            167.30227631,
                            -45.91896092
                        ],
                        [
                            167.30116203,
                            -45.91833331
                        ],
                        [
                            167.30004778,
                            -45.91770569
                        ],
                        [
                            167.29893355,
                            -45.91707806
                        ],
                        [
                            167.29781935,
                            -45.91645042
                        ],
                        [
                            167.29670517,
                            -45.91582276
                        ],
                        [
                            167.29559102,
                            -45.9151951
                        ],
                        [
                            167.2944769,
                            -45.91456742
                        ],
                        [
                            167.29336279,
                            -45.91393974
                        ],
                        [
                            167.29224872,
                            -45.91331204
                        ],
                        [
                            167.29263643,
                            -45.91226791
                        ],
                        [
                            167.29302413,
                            -45.91122377
                        ],
                        [
                            167.29341181,
                            -45.91017963
                        ],
                        [
                            167.29379947,
                            -45.9091355
                        ],
                        [
                            167.29418713,
                            -45.90809135
                        ],
                        [
                            167.29357055,
                            -45.90729536
                        ],
                        [
                            167.29295399,
                            -45.90649937
                        ],
                        [
                            167.29233744,
                            -45.90570336
                        ],
                        [
                            167.29172092,
                            -45.90490736
                        ],
                        [
                            167.29110441,
                            -45.90411135
                        ],
                        [
                            167.29048791,
                            -45.90331534
                        ],
                        [
                            167.290101,
                            -45.90236855
                        ],
                        [
                            167.28971411,
                            -45.90142176
                        ],
                        [
                            167.28932722,
                            -45.90047497
                        ],
                        [
                            167.28894035,
                            -45.89952818
                        ],
                        [
                            167.2885535,
                            -45.89858138
                        ],
                        [
                            167.28816666,
                            -45.89763458
                        ],
                        [
                            167.28777983,
                            -45.89668778
                        ],
                        [
                            167.28739301,
                            -45.89574098
                        ],
                        [
                            167.28700621,
                            -45.89479418
                        ],
                        [
                            167.28611956,
                            -45.89548607
                        ],
                        [
                            167.28523289,
                            -45.89617796
                        ],
                        [
                            167.28434619,
                            -45.89686984
                        ],
                        [
                            167.28345948,
                            -45.89756172
                        ],
                        [
                            167.28257274,
                            -45.89825359
                        ],
                        [
                            167.28342672,
                            -45.89906758
                        ],
                        [
                            167.28428073,
                            -45.89988156
                        ],
                        [
                            167.28513477,
                            -45.90069554
                        ],
                        [
                            167.28598884,
                            -45.90150951
                        ],
                        [
                            167.28684292,
                            -45.90232347
                        ],
                        [
                            167.28622199,
                            -45.90322285
                        ],
                        [
                            167.28560104,
                            -45.90412222
                        ],
                        [
                            167.28498006,
                            -45.90502159
                        ],
                        [
                            167.28435907,
                            -45.90592096
                        ],
                        [
                            167.28373805,
                            -45.90682032
                        ],
                        [
                            167.2836875,
                            -45.90776635
                        ],
                        [
                            167.28363694,
                            -45.90871238
                        ],
                        [
                            167.28358638,
                            -45.90965841
                        ],
                        [
                            167.28353581,
                            -45.91060444
                        ],
                        [
                            167.28348525,
                            -45.91155047
                        ],
                        [
                            167.28343468,
                            -45.9124965
                        ],
                        [
                            167.2823375,
                            -45.91314861
                        ],
                        [
                            167.28124029,
                            -45.91380071
                        ],
                        [
                            167.28014306,
                            -45.9144528
                        ],
                        [
                            167.27904579,
                            -45.91510487
                        ],
                        [
                            167.27763567,
                            -45.91482168
                        ],
                        [
                            167.27622555,
                            -45.91453847
                        ],
                        [
                            167.27481546,
                            -45.91425524
                        ],
                        [
                            167.27340537,
                            -45.91397199
                        ],
                        [
                            167.27203497,
                            -45.91390989
                        ],
                        [
                            167.27066458,
                            -45.91384777
                        ],
                        [
                            167.26929419,
                            -45.91378563
                        ],
                        [
                            167.2679238,
                            -45.91372348
                        ],
                        [
                            167.26655342,
                            -45.91366131
                        ],
                        [
                            167.26518304,
                            -45.91359912
                        ],
                        [
                            167.26381266,
                            -45.91353692
                        ],
                        [
                            167.26244229,
                            -45.9134747
                        ],
                        [
                            167.26107192,
                            -45.91341246
                        ],
                        [
                            167.25999516,
                            -45.91278805
                        ],
                        [
                            167.25891843,
                            -45.91216363
                        ],
                        [
                            167.25784172,
                            -45.9115392
                        ],
                        [
                            167.25676503,
                            -45.91091476
                        ],
                        [
                            167.25568837,
                            -45.91029031
                        ],
                        [
                            167.25461173,
                            -45.90966584
                        ],
                        [
                            167.25353512,
                            -45.90904137
                        ],
                        [
                            167.25245853,
                            -45.90841689
                        ],
                        [
                            167.25104841,
                            -45.90837579
                        ],
                        [
                            167.24963829,
                            -45.90833468
                        ],
                        [
                            167.24822818,
                            -45.90829355
                        ],
                        [
                            167.24681807,
                            -45.9082524
                        ],
                        [
                            167.24540796,
                            -45.90821123
                        ],
                        [
                            167.24399786,
                            -45.90817005
                        ],
                        [
                            167.24258776,
                            -45.90812884
                        ],
                        [
                            167.24117765,
                            -45.90808763
                        ],
                        [
                            167.23976755,
                            -45.90804639
                        ],
                        [
                            167.24009519,
                            -45.90894128
                        ],
                        [
                            167.24042283,
                            -45.90983616
                        ],
                        [
                            167.24075049,
                            -45.91073104
                        ],
                        [
                            167.24107815,
                            -45.91162593
                        ],
                        [
                            167.24140582,
                            -45.91252081
                        ],
                        [
                            167.24173351,
                            -45.91341569
                        ],
                        [
                            167.2420612,
                            -45.91431057
                        ],
                        [
                            167.24238891,
                            -45.91520545
                        ],
                        [
                            167.24352279,
                            -45.91569033
                        ],
                        [
                            167.2446567,
                            -45.9161752
                        ],
                        [
                            167.24579063,
                            -45.91666006
                        ],
                        [
                            167.24692457,
                            -45.91714491
                        ],
                        [
                            167.24805853,
                            -45.91762974
                        ],
                        [
                            167.24919252,
                            -45.91811457
                        ],
                        [
                            167.25032652,
                            -45.91859939
                        ],
                        [
                            167.25146055,
                            -45.91908419
                        ],
                        [
                            167.25259459,
                            -45.91956898
                        ],
                        [
                            167.25372866,
                            -45.92005376
                        ],
                        [
                            167.25486274,
                            -45.92053853
                        ],
                        [
                            167.25599684,
                            -45.92102329
                        ],
                        [
                            167.25713096,
                            -45.92150804
                        ],
                        [
                            167.25826511,
                            -45.92199278
                        ],
                        [
                            167.25939927,
                            -45.9224775
                        ],
                        [
                            167.26053345,
                            -45.92296222
                        ],
                        [
                            167.26166765,
                            -45.92344692
                        ],
                        [
                            167.26280188,
                            -45.92393161
                        ],
                        [
                            167.26393612,
                            -45.92441629
                        ],
                        [
                            167.26507038,
                            -45.92490096
                        ],
                        [
                            167.26620466,
                            -45.92538562
                        ],
                        [
                            167.26733896,
                            -45.92587027
                        ],
                        [
                            167.26847328,
                            -45.9263549
                        ],
                        [
                            167.26960762,
                            -45.92683953
                        ],
                        [
                            167.27074198,
                            -45.92732414
                        ],
                        [
                            167.27187636,
                            -45.92780874
                        ],
                        [
                            167.27301076,
                            -45.92829333
                        ],
                        [
                            167.27414518,
                            -45.92877792
                        ],
                        [
                            167.27527962,
                            -45.92926248
                        ],
                        [
                            167.27641408,
                            -45.92974704
                        ],
                        [
                            167.27754856,
                            -45.93023159
                        ],
                        [
                            167.27821445,
                            -45.93107127
                        ],
                        [
                            167.27888037,
                            -45.93191094
                        ],
                        [
                            167.2795463,
                            -45.93275062
                        ],
                        [
                            167.28021226,
                            -45.93359029
                        ],
                        [
                            167.28087823,
                            -45.93442995
                        ],
                        [
                            167.28154423,
                            -45.93526961
                        ],
                        [
                            167.28221024,
                            -45.93610927
                        ],
                        [
                            167.28287628,
                            -45.93694892
                        ],
                        [
                            167.28354233,
                            -45.93778857
                        ],
                        [
                            167.2842084,
                            -45.93862821
                        ],
                        [
                            167.28473861,
                            -45.93953776
                        ],
                        [
                            167.28526884,
                            -45.94044731
                        ],
                        [
                            167.28579908,
                            -45.94135685
                        ],
                        [
                            167.28632934,
                            -45.94226639
                        ],
                        [
                            167.28648151,
                            -45.9432714
                        ],
                        [
                            167.28663369,
                            -45.94427641
                        ],
                        [
                            167.28678587,
                            -45.94528141
                        ],
                        [
                            167.28693806,
                            -45.94628642
                        ],
                        [
                            167.28709025,
                            -45.94729142
                        ],
                        [
                            167.28724245,
                            -45.94829643
                        ],
                        [
                            167.28739465,
                            -45.94930143
                        ],
                        [
                            167.28784353,
                            -45.9501957
                        ],
                        [
                            167.28829241,
                            -45.95108996
                        ],
                        [
                            167.28874132,
                            -45.95198422
                        ],
                        [
                            167.28919024,
                            -45.95287848
                        ],
                        [
                            167.28963917,
                            -45.95377274
                        ],
                        [
                            167.29008811,
                            -45.95466699
                        ],
                        [
                            167.29053707,
                            -45.95556124
                        ],
                        [
                            167.29098605,
                            -45.9564555
                        ],
                        [
                            167.29143503,
                            -45.95734974
                        ],
                        [
                            167.29188404,
                            -45.95824399
                        ],
                        [
                            167.29233305,
                            -45.95913824
                        ],
                        [
                            167.29278208,
                            -45.96003248
                        ],
                        [
                            167.29323113,
                            -45.96092672
                        ],
                        [
                            167.29368019,
                            -45.96182096
                        ],
                        [
                            167.29412926,
                            -45.9627152
                        ],
                        [
                            167.29457835,
                            -45.96360944
                        ],
                        [
                            167.29482184,
                            -45.96451233
                        ],
                        [
                            167.29506533,
                            -45.96541523
                        ],
                        [
                            167.29530883,
                            -45.96631812
                        ],
                        [
                            167.29555234,
                            -45.96722102
                        ],
                        [
                            167.29579585,
                            -45.96812391
                        ],
                        [
                            167.29603938,
                            -45.9690268
                        ],
                        [
                            167.29628291,
                            -45.9699297
                        ],
                        [
                            167.29652645,
                            -45.97083259
                        ],
                        [
                            167.29676999,
                            -45.97173548
                        ],
                        [
                            167.29701355,
                            -45.97263837
                        ],
                        [
                            167.29725711,
                            -45.97354126
                        ],
                        [
                            167.29725605,
                            -45.97447009
                        ],
                        [
                            167.29725499,
                            -45.97539891
                        ],
                        [
                            167.29725394,
                            -45.97632774
                        ],
                        [
                            167.29725288,
                            -45.97725656
                        ],
                        [
                            167.29725182,
                            -45.97818539
                        ],
                        [
                            167.29725076,
                            -45.97911422
                        ],
                        [
                            167.2972497,
                            -45.98004304
                        ],
                        [
                            167.29724864,
                            -45.98097187
                        ],
                        [
                            167.29724758,
                            -45.98190069
                        ],
                        [
                            167.29724652,
                            -45.98282952
                        ],
                        [
                            167.29724546,
                            -45.98375834
                        ],
                        [
                            167.2972444,
                            -45.98468717
                        ],
                        [
                            167.29724334,
                            -45.98561599
                        ],
                        [
                            167.29724227,
                            -45.98654482
                        ],
                        [
                            167.29724121,
                            -45.98747364
                        ],
                        [
                            167.29724015,
                            -45.98840246
                        ],
                        [
                            167.29723909,
                            -45.98933129
                        ],
                        [
                            167.29723803,
                            -45.99026011
                        ],
                        [
                            167.29723697,
                            -45.99118893
                        ],
                        [
                            167.2972359,
                            -45.99211776
                        ],
                        [
                            167.29723484,
                            -45.99304658
                        ],
                        [
                            167.29679343,
                            -45.99399519
                        ],
                        [
                            167.296352,
                            -45.9949438
                        ],
                        [
                            167.29591055,
                            -45.99589241
                        ],
                        [
                            167.29546909,
                            -45.99684101
                        ],
                        [
                            167.29502762,
                            -45.99778962
                        ],
                        [
                            167.29458613,
                            -45.99873822
                        ],
                        [
                            167.29414462,
                            -45.99968682
                        ],
                        [
                            167.2937031,
                            -46.00063541
                        ],
                        [
                            167.29410563,
                            -46.00162015
                        ],
                        [
                            167.29450817,
                            -46.00260489
                        ],
                        [
                            167.29491072,
                            -46.00358962
                        ],
                        [
                            167.29532364,
                            -46.00460212
                        ],
                        [
                            167.29573657,
                            -46.00561462
                        ],
                        [
                            167.29614952,
                            -46.00662712
                        ],
                        [
                            167.29656248,
                            -46.00763962
                        ],
                        [
                            167.29701495,
                            -46.0085149
                        ],
                        [
                            167.29746743,
                            -46.00939019
                        ],
                        [
                            167.29791993,
                            -46.01026547
                        ],
                        [
                            167.29837244,
                            -46.01114075
                        ],
                        [
                            167.29882497,
                            -46.01201603
                        ],
                        [
                            167.29927751,
                            -46.0128913
                        ],
                        [
                            167.29917512,
                            -46.01379289
                        ],
                        [
                            167.29907272,
                            -46.01469447
                        ],
                        [
                            167.29897032,
                            -46.01559605
                        ],
                        [
                            167.29886791,
                            -46.01649764
                        ],
                        [
                            167.2987655,
                            -46.01739922
                        ],
                        [
                            167.29866309,
                            -46.0183008
                        ],
                        [
                            167.29856067,
                            -46.01920239
                        ],
                        [
                            167.29845825,
                            -46.02010397
                        ],
                        [
                            167.29834903,
                            -46.02100326
                        ],
                        [
                            167.29823981,
                            -46.02190255
                        ],
                        [
                            167.29813058,
                            -46.02280184
                        ],
                        [
                            167.29802135,
                            -46.02370113
                        ],
                        [
                            167.29791212,
                            -46.02460042
                        ],
                        [
                            167.29780288,
                            -46.0254997
                        ],
                        [
                            167.29769364,
                            -46.02639899
                        ],
                        [
                            167.29758439,
                            -46.02729828
                        ],
                        [
                            167.29747514,
                            -46.02819757
                        ],
                        [
                            167.29736589,
                            -46.02909686
                        ],
                        [
                            167.29725663,
                            -46.02999614
                        ],
                        [
                            167.29714737,
                            -46.03089543
                        ],
                        [
                            167.29703811,
                            -46.03179472
                        ],
                        [
                            167.29612423,
                            -46.03249969
                        ],
                        [
                            167.29521034,
                            -46.03320465
                        ],
                        [
                            167.29429641,
                            -46.0339096
                        ],
                        [
                            167.29338247,
                            -46.03461455
                        ],
                        [
                            167.2924685,
                            -46.03531949
                        ],
                        [
                            167.29155451,
                            -46.03602442
                        ],
                        [
                            167.29064049,
                            -46.03672934
                        ],
                        [
                            167.28972645,
                            -46.03743426
                        ],
                        [
                            167.28881239,
                            -46.03813917
                        ],
                        [
                            167.2878983,
                            -46.03884407
                        ],
                        [
                            167.28698419,
                            -46.03954896
                        ],
                        [
                            167.28580896,
                            -46.03992458
                        ],
                        [
                            167.28463371,
                            -46.04030018
                        ],
                        [
                            167.28345845,
                            -46.04067577
                        ],
                        [
                            167.28228317,
                            -46.04105135
                        ],
                        [
                            167.28110787,
                            -46.04142691
                        ],
                        [
                            167.27993256,
                            -46.04180247
                        ],
                        [
                            167.27875723,
                            -46.04217801
                        ],
                        [
                            167.27758188,
                            -46.04255354
                        ],
                        [
                            167.27640652,
                            -46.04292905
                        ],
                        [
                            167.27523115,
                            -46.04330456
                        ],
                        [
                            167.27405576,
                            -46.04368005
                        ],
                        [
                            167.27288035,
                            -46.04405553
                        ],
                        [
                            167.27170493,
                            -46.044431
                        ],
                        [
                            167.27052949,
                            -46.04480646
                        ],
                        [
                            167.26937839,
                            -46.04525915
                        ],
                        [
                            167.26822727,
                            -46.04571182
                        ],
                        [
                            167.26707614,
                            -46.04616449
                        ],
                        [
                            167.26592499,
                            -46.04661714
                        ],
                        [
                            167.26477381,
                            -46.04706979
                        ],
                        [
                            167.26362262,
                            -46.04752242
                        ],
                        [
                            167.26247141,
                            -46.04797503
                        ],
                        [
                            167.26132019,
                            -46.04842764
                        ],
                        [
                            167.26016894,
                            -46.04888024
                        ],
                        [
                            167.25901767,
                            -46.04933282
                        ],
                        [
                            167.25786639,
                            -46.04978539
                        ],
                        [
                            167.25671509,
                            -46.05023795
                        ],
                        [
                            167.25556377,
                            -46.0506905
                        ],
                        [
                            167.25441242,
                            -46.05114304
                        ],
                        [
                            167.25519305,
                            -46.05190607
                        ],
                        [
                            167.25597369,
                            -46.0526691
                        ],
                        [
                            167.25675436,
                            -46.05343212
                        ],
                        [
                            167.25753505,
                            -46.05419513
                        ],
                        [
                            167.25831576,
                            -46.05495814
                        ],
                        [
                            167.25909649,
                            -46.05572115
                        ],
                        [
                            167.25987724,
                            -46.05648415
                        ],
                        [
                            167.26065802,
                            -46.05724714
                        ],
                        [
                            167.26143881,
                            -46.05801013
                        ],
                        [
                            167.26221963,
                            -46.05877311
                        ],
                        [
                            167.26225163,
                            -46.05969884
                        ],
                        [
                            167.26228364,
                            -46.06062457
                        ],
                        [
                            167.26231564,
                            -46.06155029
                        ],
                        [
                            167.26234765,
                            -46.06247602
                        ],
                        [
                            167.26237965,
                            -46.06340174
                        ],
                        [
                            167.26241166,
                            -46.06432747
                        ],
                        [
                            167.26244367,
                            -46.06525319
                        ],
                        [
                            167.26247568,
                            -46.06617892
                        ],
                        [
                            167.26250769,
                            -46.06710464
                        ],
                        [
                            167.2625397,
                            -46.06803037
                        ],
                        [
                            167.26257171,
                            -46.06895609
                        ],
                        [
                            167.26260373,
                            -46.06988182
                        ],
                        [
                            167.26389317,
                            -46.07023094
                        ],
                        [
                            167.26518263,
                            -46.07058004
                        ],
                        [
                            167.2664721,
                            -46.07092914
                        ],
                        [
                            167.2677616,
                            -46.07127821
                        ],
                        [
                            167.2690511,
                            -46.07162728
                        ],
                        [
                            167.27034063,
                            -46.07197632
                        ],
                        [
                            167.27009754,
                            -46.07288426
                        ],
                        [
                            167.26985444,
                            -46.07379219
                        ],
                        [
                            167.26961133,
                            -46.07470012
                        ],
                        [
                            167.26936822,
                            -46.07560805
                        ],
                        [
                            167.26912509,
                            -46.07651599
                        ],
                        [
                            167.26888196,
                            -46.07742392
                        ],
                        [
                            167.26863882,
                            -46.07833184
                        ],
                        [
                            167.26839567,
                            -46.07923977
                        ],
                        [
                            167.26815252,
                            -46.0801477
                        ],
                        [
                            167.26790935,
                            -46.08105563
                        ],
                        [
                            167.26766618,
                            -46.08196355
                        ],
                        [
                            167.269058,
                            -46.08192553
                        ],
                        [
                            167.27044982,
                            -46.08188749
                        ],
                        [
                            167.27184164,
                            -46.08184944
                        ],
                        [
                            167.27323346,
                            -46.08181137
                        ],
                        [
                            167.27462527,
                            -46.08177328
                        ],
                        [
                            167.27601708,
                            -46.08173517
                        ],
                        [
                            167.2774089,
                            -46.08169705
                        ],
                        [
                            167.27880071,
                            -46.08165891
                        ],
                        [
                            167.28019251,
                            -46.08162075
                        ],
                        [
                            167.28158432,
                            -46.08158258
                        ],
                        [
                            167.28297612,
                            -46.08154438
                        ],
                        [
                            167.28354042,
                            -46.0807087
                        ],
                        [
                            167.28410469,
                            -46.07987302
                        ],
                        [
                            167.28466895,
                            -46.07903733
                        ],
                        [
                            167.28523319,
                            -46.07820164
                        ],
                        [
                            167.28579741,
                            -46.07736594
                        ],
                        [
                            167.28636162,
                            -46.07653024
                        ],
                        [
                            167.28692581,
                            -46.07569454
                        ],
                        [
                            167.28748998,
                            -46.07485884
                        ],
                        [
                            167.28805413,
                            -46.07402313
                        ],
                        [
                            167.28861827,
                            -46.07318742
                        ],
                        [
                            167.28918239,
                            -46.07235171
                        ],
                        [
                            167.2897465,
                            -46.07151599
                        ],
                        [
                            167.29031058,
                            -46.07068027
                        ],
                        [
                            167.29087465,
                            -46.06984455
                        ],
                        [
                            167.2914387,
                            -46.06900883
                        ],
                        [
                            167.29200274,
                            -46.0681731
                        ],
                        [
                            167.29256676,
                            -46.06733737
                        ],
                        [
                            167.29313076,
                            -46.06650163
                        ],
                        [
                            167.29369474,
                            -46.0656659
                        ],
                        [
                            167.29425871,
                            -46.06483016
                        ],
                        [
                            167.29482266,
                            -46.06399441
                        ],
                        [
                            167.29538659,
                            -46.06315867
                        ],
                        [
                            167.29595051,
                            -46.06232292
                        ],
                        [
                            167.2965144,
                            -46.06148716
                        ],
                        [
                            167.29707829,
                            -46.06065141
                        ],
                        [
                            167.29764215,
                            -46.05981565
                        ],
                        [
                            167.298206,
                            -46.05897989
                        ],
                        [
                            167.29876983,
                            -46.05814412
                        ],
                        [
                            167.29933364,
                            -46.05730836
                        ],
                        [
                            167.29989744,
                            -46.05647259
                        ],
                        [
                            167.30046121,
                            -46.05563681
                        ],
                        [
                            167.30131143,
                            -46.05487325
                        ],
                        [
                            167.30216163,
                            -46.05410968
                        ],
                        [
                            167.3030118,
                            -46.0533461
                        ],
                        [
                            167.30386195,
                            -46.05258252
                        ],
                        [
                            167.30471207,
                            -46.05181893
                        ],
                        [
                            167.30556217,
                            -46.05105534
                        ],
                        [
                            167.30641225,
                            -46.05029174
                        ],
                        [
                            167.30726231,
                            -46.04952813
                        ],
                        [
                            167.30811234,
                            -46.04876451
                        ],
                        [
                            167.30896235,
                            -46.04800089
                        ],
                        [
                            167.30981233,
                            -46.04723726
                        ],
                        [
                            167.31066229,
                            -46.04647363
                        ],
                        [
                            167.31103955,
                            -46.04559003
                        ],
                        [
                            167.3114168,
                            -46.04470643
                        ],
                        [
                            167.31179404,
                            -46.04382282
                        ],
                        [
                            167.31217126,
                            -46.04293922
                        ],
                        [
                            167.31254847,
                            -46.04205561
                        ],
                        [
                            167.31292567,
                            -46.04117201
                        ],
                        [
                            167.31330286,
                            -46.0402884
                        ],
                        [
                            167.31368004,
                            -46.03940479
                        ],
                        [
                            167.3140572,
                            -46.03852117
                        ],
                        [
                            167.31443435,
                            -46.03763756
                        ],
                        [
                            167.31481149,
                            -46.03675395
                        ],
                        [
                            167.31518862,
                            -46.03587033
                        ],
                        [
                            167.31556573,
                            -46.03498671
                        ],
                        [
                            167.31594284,
                            -46.03410309
                        ],
                        [
                            167.31622331,
                            -46.03318396
                        ],
                        [
                            167.31650377,
                            -46.03226482
                        ],
                        [
                            167.31678423,
                            -46.03134569
                        ],
                        [
                            167.31706467,
                            -46.03042655
                        ],
                        [
                            167.31734511,
                            -46.02950741
                        ],
                        [
                            167.31762554,
                            -46.02858827
                        ],
                        [
                            167.31790595,
                            -46.02766913
                        ],
                        [
                            167.31818636,
                            -46.02674999
                        ],
                        [
                            167.31846676,
                            -46.02583085
                        ],
                        [
                            167.31874715,
                            -46.02491171
                        ],
                        [
                            167.31902753,
                            -46.02399256
                        ],
                        [
                            167.3193079,
                            -46.02307342
                        ],
                        [
                            167.31958826,
                            -46.02215427
                        ],
                        [
                            167.31986861,
                            -46.02123513
                        ],
                        [
                            167.32014895,
                            -46.02031598
                        ],
                        [
                            167.32042928,
                            -46.01939683
                        ],
                        [
                            167.3207096,
                            -46.01847768
                        ],
                        [
                            167.32098992,
                            -46.01755853
                        ],
                        [
                            167.32127022,
                            -46.01663938
                        ],
                        [
                            167.32155051,
                            -46.01572023
                        ],
                        [
                            167.32234317,
                            -46.01500322
                        ],
                        [
                            167.32313581,
                            -46.0142862
                        ],
                        [
                            167.32392843,
                            -46.01356918
                        ],
                        [
                            167.32472103,
                            -46.01285215
                        ],
                        [
                            167.32551361,
                            -46.01213512
                        ],
                        [
                            167.32630616,
                            -46.01141808
                        ],
                        [
                            167.3270987,
                            -46.01070104
                        ],
                        [
                            167.32789121,
                            -46.00998399
                        ],
                        [
                            167.32868371,
                            -46.00926694
                        ],
                        [
                            167.32947618,
                            -46.00854987
                        ],
                        [
                            167.33026864,
                            -46.00783281
                        ],
                        [
                            167.33106107,
                            -46.00711574
                        ],
                        [
                            167.33185348,
                            -46.00639866
                        ],
                        [
                            167.33324934,
                            -46.00685288
                        ],
                        [
                            167.33464521,
                            -46.00730708
                        ],
                        [
                            167.33604111,
                            -46.00776126
                        ],
                        [
                            167.33743703,
                            -46.00821543
                        ],
                        [
                            167.33883297,
                            -46.00866958
                        ],
                        [
                            167.34016333,
                            -46.00853987
                        ],
                        [
                            167.34149367,
                            -46.00841013
                        ],
                        [
                            167.34282402,
                            -46.00828038
                        ],
                        [
                            167.34415435,
                            -46.00815062
                        ],
                        [
                            167.34548468,
                            -46.00802084
                        ],
                        [
                            167.34681501,
                            -46.00789104
                        ],
                        [
                            167.34814532,
                            -46.00776123
                        ],
                        [
                            167.34947564,
                            -46.00763141
                        ],
                        [
                            167.35080594,
                            -46.00750157
                        ],
                        [
                            167.35213624,
                            -46.00737171
                        ],
                        [
                            167.353064,
                            -46.00801718
                        ],
                        [
                            167.35399177,
                            -46.00866265
                        ],
                        [
                            167.35491957,
                            -46.00930811
                        ],
                        [
                            167.35584738,
                            -46.00995356
                        ],
                        [
                            167.35677522,
                            -46.010599
                        ],
                        [
                            167.35770308,
                            -46.01124444
                        ],
                        [
                            167.35863096,
                            -46.01188987
                        ],
                        [
                            167.35955887,
                            -46.01253529
                        ],
                        [
                            167.35902705,
                            -46.01330335
                        ],
                        [
                            167.35949989,
                            -46.01427852
                        ],
                        [
                            167.35997274,
                            -46.01525368
                        ],
                        [
                            167.36044561,
                            -46.01622884
                        ],
                        [
                            167.3609185,
                            -46.017204
                        ],
                        [
                            167.3613914,
                            -46.01817916
                        ],
                        [
                            167.36186432,
                            -46.01915432
                        ],
                        [
                            167.3629003,
                            -46.01981264
                        ],
                        [
                            167.36393631,
                            -46.02047095
                        ],
                        [
                            167.36497235,
                            -46.02112925
                        ],
                        [
                            167.36600841,
                            -46.02178755
                        ],
                        [
                            167.36704449,
                            -46.02244583
                        ],
                        [
                            167.3680806,
                            -46.0231041
                        ],
                        [
                            167.36854976,
                            -46.02411873
                        ],
                        [
                            167.36901894,
                            -46.02513335
                        ],
                        [
                            167.36948814,
                            -46.02614797
                        ],
                        [
                            167.36995736,
                            -46.02716258
                        ],
                        [
                            167.37097013,
                            -46.027866
                        ],
                        [
                            167.37198292,
                            -46.02856941
                        ],
                        [
                            167.37299574,
                            -46.02927281
                        ],
                        [
                            167.37400859,
                            -46.0299762
                        ],
                        [
                            167.37502146,
                            -46.03067959
                        ],
                        [
                            167.37603435,
                            -46.03138296
                        ],
                        [
                            167.37704728,
                            -46.03208632
                        ],
                        [
                            167.37806023,
                            -46.03278968
                        ],
                        [
                            167.37929494,
                            -46.03314368
                        ],
                        [
                            167.38052966,
                            -46.03349767
                        ],
                        [
                            167.38176441,
                            -46.03385165
                        ],
                        [
                            167.38299917,
                            -46.03420561
                        ],
                        [
                            167.38423394,
                            -46.03455956
                        ],
                        [
                            167.38546873,
                            -46.0349135
                        ],
                        [
                            167.38670354,
                            -46.03526742
                        ],
                        [
                            167.38809219,
                            -46.03620692
                        ],
                        [
                            167.38948089,
                            -46.03714641
                        ],
                        [
                            167.38925436,
                            -46.03805619
                        ],
                        [
                            167.38902782,
                            -46.03896598
                        ],
                        [
                            167.38880127,
                            -46.03987576
                        ],
                        [
                            167.38857472,
                            -46.04078555
                        ],
                        [
                            167.38834816,
                            -46.04169533
                        ],
                        [
                            167.38882564,
                            -46.04263088
                        ],
                        [
                            167.38930315,
                            -46.04356642
                        ],
                        [
                            167.38978067,
                            -46.04450197
                        ],
                        [
                            167.3902582,
                            -46.04543751
                        ],
                        [
                            167.39148263,
                            -46.04573418
                        ],
                        [
                            167.39270708,
                            -46.04603084
                        ],
                        [
                            167.39393154,
                            -46.04632749
                        ],
                        [
                            167.39515601,
                            -46.04662413
                        ],
                        [
                            167.39448199,
                            -46.04744903
                        ],
                        [
                            167.39380796,
                            -46.04827394
                        ],
                        [
                            167.3931339,
                            -46.04909884
                        ],
                        [
                            167.39245983,
                            -46.04992373
                        ],
                        [
                            167.39178573,
                            -46.05074863
                        ],
                        [
                            167.39182269,
                            -46.0519144
                        ],
                        [
                            167.39185964,
                            -46.05308018
                        ],
                        [
                            167.3918966,
                            -46.05424595
                        ],
                        [
                            167.39195847,
                            -46.0552693
                        ],
                        [
                            167.39202034,
                            -46.05629266
                        ],
                        [
                            167.39208221,
                            -46.05731601
                        ],
                        [
                            167.39214409,
                            -46.05833937
                        ],
                        [
                            167.39220596,
                            -46.05936272
                        ],
                        [
                            167.39226784,
                            -46.06038607
                        ],
                        [
                            167.39232972,
                            -46.06140943
                        ],
                        [
                            167.39253878,
                            -46.06237179
                        ],
                        [
                            167.39274784,
                            -46.06333415
                        ],
                        [
                            167.39295691,
                            -46.06429651
                        ],
                        [
                            167.39316598,
                            -46.06525888
                        ],
                        [
                            167.39337507,
                            -46.06622124
                        ],
                        [
                            167.39358415,
                            -46.0671836
                        ],
                        [
                            167.39273764,
                            -46.06790502
                        ],
                        [
                            167.39189111,
                            -46.06862644
                        ],
                        [
                            167.39104456,
                            -46.06934785
                        ],
                        [
                            167.39019798,
                            -46.07006926
                        ],
                        [
                            167.38935138,
                            -46.07079065
                        ],
                        [
                            167.38795227,
                            -46.0705253
                        ],
                        [
                            167.38655318,
                            -46.07025994
                        ],
                        [
                            167.3851541,
                            -46.06999456
                        ],
                        [
                            167.38375504,
                            -46.06972916
                        ],
                        [
                            167.38317304,
                            -46.068696
                        ],
                        [
                            167.38259106,
                            -46.06766285
                        ],
                        [
                            167.3820091,
                            -46.06662969
                        ],
                        [
                            167.38075301,
                            -46.06664887
                        ],
                        [
                            167.37949692,
                            -46.06666804
                        ],
                        [
                            167.37994712,
                            -46.06788009
                        ],
                        [
                            167.38039734,
                            -46.06909213
                        ],
                        [
                            167.38061142,
                            -46.07000185
                        ],
                        [
                            167.38082551,
                            -46.07091157
                        ],
                        [
                            167.38103961,
                            -46.0718213
                        ],
                        [
                            167.38203759,
                            -46.0721072
                        ],
                        [
                            167.38303558,
                            -46.07239309
                        ],
                        [
                            167.38438967,
                            -46.0725373
                        ],
                        [
                            167.38574377,
                            -46.07268149
                        ],
                        [
                            167.38551319,
                            -46.07386091
                        ],
                        [
                            167.38528259,
                            -46.07504034
                        ],
                        [
                            167.38407734,
                            -46.07569691
                        ],
                        [
                            167.38287207,
                            -46.07635348
                        ],
                        [
                            167.38155695,
                            -46.0758143
                        ],
                        [
                            167.38024185,
                            -46.07527511
                        ],
                        [
                            167.37892678,
                            -46.07473591
                        ],
                        [
                            167.37790532,
                            -46.07468695
                        ],
                        [
                            167.37688386,
                            -46.07463798
                        ],
                        [
                            167.37665308,
                            -46.07581738
                        ],
                        [
                            167.37642228,
                            -46.07699679
                        ],
                        [
                            167.3769882,
                            -46.07786292
                        ],
                        [
                            167.37755413,
                            -46.07872905
                        ],
                        [
                            167.37812008,
                            -46.07959517
                        ],
                        [
                            167.37868605,
                            -46.08046129
                        ],
                        [
                            167.37925204,
                            -46.08132741
                        ],
                        [
                            167.37981804,
                            -46.08219352
                        ],
                        [
                            167.38038406,
                            -46.08305963
                        ],
                        [
                            167.38130893,
                            -46.08379838
                        ],
                        [
                            167.38223383,
                            -46.08453711
                        ],
                        [
                            167.38315875,
                            -46.08527584
                        ],
                        [
                            167.38408369,
                            -46.08601455
                        ],
                        [
                            167.38500866,
                            -46.08675326
                        ],
                        [
                            167.38593365,
                            -46.08749197
                        ],
                        [
                            167.38685867,
                            -46.08823066
                        ],
                        [
                            167.38778371,
                            -46.08896935
                        ],
                        [
                            167.38672175,
                            -46.08971218
                        ],
                        [
                            167.38565976,
                            -46.09045501
                        ],
                        [
                            167.38459774,
                            -46.09119782
                        ],
                        [
                            167.38520083,
                            -46.09202032
                        ],
                        [
                            167.38580394,
                            -46.09284282
                        ],
                        [
                            167.38640706,
                            -46.09366532
                        ],
                        [
                            167.3870102,
                            -46.09448781
                        ],
                        [
                            167.38761336,
                            -46.0953103
                        ],
                        [
                            167.38821653,
                            -46.09613279
                        ],
                        [
                            167.38881973,
                            -46.09695527
                        ],
                        [
                            167.38936191,
                            -46.09793356
                        ],
                        [
                            167.38990411,
                            -46.09891185
                        ],
                        [
                            167.39044634,
                            -46.09989013
                        ],
                        [
                            167.39098857,
                            -46.1008684
                        ],
                        [
                            167.39153083,
                            -46.10184668
                        ],
                        [
                            167.39237127,
                            -46.10257843
                        ],
                        [
                            167.39321173,
                            -46.10331018
                        ],
                        [
                            167.39405222,
                            -46.10404193
                        ],
                        [
                            167.39489273,
                            -46.10477366
                        ],
                        [
                            167.39573325,
                            -46.10550539
                        ],
                        [
                            167.39657381,
                            -46.10623712
                        ],
                        [
                            167.39741438,
                            -46.10696884
                        ],
                        [
                            167.39825498,
                            -46.10770055
                        ],
                        [
                            167.39909559,
                            -46.10843226
                        ],
                        [
                            167.39993623,
                            -46.10916396
                        ],
                        [
                            167.40077689,
                            -46.10989566
                        ],
                        [
                            167.40161758,
                            -46.11062735
                        ],
                        [
                            167.40245828,
                            -46.11135903
                        ],
                        [
                            167.40329901,
                            -46.11209071
                        ],
                        [
                            167.40174833,
                            -46.11238711
                        ],
                        [
                            167.40019763,
                            -46.11268349
                        ],
                        [
                            167.39864692,
                            -46.11297985
                        ],
                        [
                            167.39889802,
                            -46.1139045
                        ],
                        [
                            167.39914913,
                            -46.11482915
                        ],
                        [
                            167.39940025,
                            -46.1157538
                        ],
                        [
                            167.39965138,
                            -46.11667845
                        ],
                        [
                            167.40052794,
                            -46.11737784
                        ],
                        [
                            167.40140452,
                            -46.11807723
                        ],
                        [
                            167.40228113,
                            -46.11877661
                        ],
                        [
                            167.40315776,
                            -46.11947598
                        ],
                        [
                            167.40403441,
                            -46.12017534
                        ],
                        [
                            167.40491109,
                            -46.1208747
                        ],
                        [
                            167.40578778,
                            -46.12157406
                        ],
                        [
                            167.40618437,
                            -46.12243948
                        ],
                        [
                            167.40658097,
                            -46.1233049
                        ],
                        [
                            167.40697758,
                            -46.12417032
                        ],
                        [
                            167.4073742,
                            -46.12503574
                        ],
                        [
                            167.40777084,
                            -46.12590116
                        ],
                        [
                            167.40816748,
                            -46.12676658
                        ],
                        [
                            167.40856414,
                            -46.12763199
                        ],
                        [
                            167.40896082,
                            -46.12849741
                        ],
                        [
                            167.4093575,
                            -46.12936282
                        ],
                        [
                            167.40934958,
                            -46.13028592
                        ],
                        [
                            167.40934166,
                            -46.13120902
                        ],
                        [
                            167.40933374,
                            -46.13213212
                        ],
                        [
                            167.40932582,
                            -46.13305522
                        ],
                        [
                            167.4093179,
                            -46.13397832
                        ],
                        [
                            167.40930997,
                            -46.13490142
                        ],
                        [
                            167.40930205,
                            -46.13582452
                        ],
                        [
                            167.40929413,
                            -46.13674762
                        ],
                        [
                            167.4092862,
                            -46.13767072
                        ],
                        [
                            167.40927828,
                            -46.13859382
                        ],
                        [
                            167.40927036,
                            -46.13951692
                        ],
                        [
                            167.40883865,
                            -46.14042225
                        ],
                        [
                            167.40840693,
                            -46.14132757
                        ],
                        [
                            167.4079752,
                            -46.1422329
                        ],
                        [
                            167.40754345,
                            -46.14313822
                        ],
                        [
                            167.40711169,
                            -46.14404354
                        ],
                        [
                            167.40667992,
                            -46.14494885
                        ],
                        [
                            167.40524381,
                            -46.14503917
                        ],
                        [
                            167.40380769,
                            -46.14512946
                        ],
                        [
                            167.40237157,
                            -46.14521974
                        ],
                        [
                            167.40093545,
                            -46.14531
                        ],
                        [
                            167.399877,
                            -46.14446591
                        ],
                        [
                            167.39881857,
                            -46.14362181
                        ],
                        [
                            167.39776018,
                            -46.1427777
                        ],
                        [
                            167.39714147,
                            -46.14364762
                        ],
                        [
                            167.39652273,
                            -46.14451753
                        ],
                        [
                            167.39590398,
                            -46.14538744
                        ],
                        [
                            167.3952852,
                            -46.14625735
                        ],
                        [
                            167.39466641,
                            -46.14712725
                        ],
                        [
                            167.3940476,
                            -46.14799715
                        ],
                        [
                            167.39398998,
                            -46.14894674
                        ],
                        [
                            167.39393236,
                            -46.14989634
                        ],
                        [
                            167.39387475,
                            -46.15084593
                        ],
                        [
                            167.39381712,
                            -46.15179552
                        ],
                        [
                            167.3937595,
                            -46.15274512
                        ],
                        [
                            167.39370188,
                            -46.15369471
                        ],
                        [
                            167.39364425,
                            -46.1546443
                        ],
                        [
                            167.39358662,
                            -46.15559389
                        ],
                        [
                            167.39352899,
                            -46.15654349
                        ],
                        [
                            167.39341307,
                            -46.15767911
                        ],
                        [
                            167.39329714,
                            -46.15881473
                        ],
                        [
                            167.3931812,
                            -46.15995035
                        ],
                        [
                            167.3922866,
                            -46.16095763
                        ],
                        [
                            167.39139197,
                            -46.1619649
                        ],
                        [
                            167.3904973,
                            -46.16297217
                        ],
                        [
                            167.38900697,
                            -46.16340141
                        ],
                        [
                            167.38751661,
                            -46.16383064
                        ],
                        [
                            167.38602623,
                            -46.16425984
                        ],
                        [
                            167.38453583,
                            -46.16468902
                        ],
                        [
                            167.38332212,
                            -46.16547571
                        ],
                        [
                            167.38210838,
                            -46.16626238
                        ],
                        [
                            167.3831707,
                            -46.16720598
                        ],
                        [
                            167.38423306,
                            -46.16814956
                        ],
                        [
                            167.38576914,
                            -46.16811724
                        ],
                        [
                            167.38730522,
                            -46.16808491
                        ],
                        [
                            167.38884129,
                            -46.16805255
                        ],
                        [
                            167.39037736,
                            -46.16802017
                        ],
                        [
                            167.38972634,
                            -46.16912068
                        ],
                        [
                            167.38907529,
                            -46.17022119
                        ],
                        [
                            167.38778252,
                            -46.1706666
                        ],
                        [
                            167.38648974,
                            -46.171112
                        ],
                        [
                            167.38639046,
                            -46.17204115
                        ],
                        [
                            167.38629117,
                            -46.1729703
                        ],
                        [
                            167.38619188,
                            -46.17389945
                        ],
                        [
                            167.38609259,
                            -46.17482861
                        ],
                        [
                            167.38537726,
                            -46.17561747
                        ],
                        [
                            167.38466192,
                            -46.17640634
                        ],
                        [
                            167.38363992,
                            -46.17579453
                        ],
                        [
                            167.38261795,
                            -46.17518271
                        ],
                        [
                            167.381596,
                            -46.17457089
                        ],
                        [
                            167.38057407,
                            -46.17395905
                        ],
                        [
                            167.37955217,
                            -46.17334721
                        ],
                        [
                            167.37853029,
                            -46.17273536
                        ],
                        [
                            167.3771553,
                            -46.17332638
                        ],
                        [
                            167.37578028,
                            -46.17391739
                        ],
                        [
                            167.37440523,
                            -46.17450839
                        ],
                        [
                            167.37303015,
                            -46.17509936
                        ],
                        [
                            167.37219577,
                            -46.17626107
                        ],
                        [
                            167.37136135,
                            -46.17742277
                        ],
                        [
                            167.37202781,
                            -46.17820928
                        ],
                        [
                            167.3726943,
                            -46.17899579
                        ],
                        [
                            167.3733608,
                            -46.1797823
                        ],
                        [
                            167.37402732,
                            -46.1805688
                        ],
                        [
                            167.37469386,
                            -46.1813553
                        ],
                        [
                            167.37536042,
                            -46.1821418
                        ],
                        [
                            167.376027,
                            -46.18292829
                        ],
                        [
                            167.3766936,
                            -46.18371478
                        ],
                        [
                            167.37533546,
                            -46.18397481
                        ],
                        [
                            167.37397731,
                            -46.18423482
                        ],
                        [
                            167.37261914,
                            -46.18449482
                        ],
                        [
                            167.37126097,
                            -46.18475481
                        ],
                        [
                            167.36990278,
                            -46.18501477
                        ],
                        [
                            167.36854457,
                            -46.18527472
                        ],
                        [
                            167.36700251,
                            -46.18494512
                        ],
                        [
                            167.36546046,
                            -46.18461549
                        ],
                        [
                            167.36391843,
                            -46.18428585
                        ],
                        [
                            167.36237642,
                            -46.18395618
                        ],
                        [
                            167.36156878,
                            -46.1841572
                        ],
                        [
                            167.36076112,
                            -46.18435821
                        ],
                        [
                            167.35948942,
                            -46.18469815
                        ],
                        [
                            167.3582177,
                            -46.18503809
                        ],
                        [
                            167.35694597,
                            -46.18537801
                        ],
                        [
                            167.35567422,
                            -46.18571792
                        ],
                        [
                            167.35465735,
                            -46.18635593
                        ],
                        [
                            167.35364046,
                            -46.18699393
                        ],
                        [
                            167.35262355,
                            -46.18763192
                        ],
                        [
                            167.35160662,
                            -46.18826991
                        ],
                        [
                            167.35097549,
                            -46.18915786
                        ],
                        [
                            167.35034435,
                            -46.19004581
                        ],
                        [
                            167.34971318,
                            -46.19093375
                        ],
                        [
                            167.34908199,
                            -46.19182169
                        ],
                        [
                            167.34845079,
                            -46.19270963
                        ],
                        [
                            167.34781956,
                            -46.19359756
                        ],
                        [
                            167.34718831,
                            -46.19448549
                        ],
                        [
                            167.3469466,
                            -46.19563456
                        ],
                        [
                            167.34670488,
                            -46.19678363
                        ],
                        [
                            167.34812139,
                            -46.19749019
                        ],
                        [
                            167.34953793,
                            -46.19819673
                        ],
                        [
                            167.35008736,
                            -46.19902272
                        ],
                        [
                            167.35063681,
                            -46.19984871
                        ],
                        [
                            167.35118627,
                            -46.2006747
                        ],
                        [
                            167.35173575,
                            -46.20150068
                        ],
                        [
                            167.3522852,
                            -46.20241112
                        ],
                        [
                            167.35283468,
                            -46.20332156
                        ],
                        [
                            167.35338417,
                            -46.20423199
                        ],
                        [
                            167.35393368,
                            -46.20514243
                        ],
                        [
                            167.3544832,
                            -46.20605286
                        ],
                        [
                            167.3543682,
                            -46.20699219
                        ],
                        [
                            167.35425319,
                            -46.20793153
                        ],
                        [
                            167.35413817,
                            -46.20887087
                        ],
                        [
                            167.35516583,
                            -46.20967768
                        ],
                        [
                            167.35619351,
                            -46.21048448
                        ],
                        [
                            167.35722123,
                            -46.21129128
                        ],
                        [
                            167.35824897,
                            -46.21209806
                        ],
                        [
                            167.35762964,
                            -46.21297618
                        ],
                        [
                            167.35701028,
                            -46.21385428
                        ],
                        [
                            167.35532962,
                            -46.2139303
                        ],
                        [
                            167.35364895,
                            -46.21400629
                        ],
                        [
                            167.35196828,
                            -46.21408225
                        ],
                        [
                            167.35110228,
                            -46.21472596
                        ],
                        [
                            167.35023625,
                            -46.21536966
                        ],
                        [
                            167.35149204,
                            -46.21594653
                        ],
                        [
                            167.35274785,
                            -46.21652339
                        ],
                        [
                            167.35400369,
                            -46.21710023
                        ],
                        [
                            167.35525956,
                            -46.21767707
                        ],
                        [
                            167.35651545,
                            -46.21825389
                        ],
                        [
                            167.35777137,
                            -46.21883069
                        ],
                        [
                            167.35949023,
                            -46.21835914
                        ],
                        [
                            167.36120907,
                            -46.21788757
                        ],
                        [
                            167.36246612,
                            -46.21864677
                        ],
                        [
                            167.36372321,
                            -46.21940596
                        ],
                        [
                            167.36360749,
                            -46.22031002
                        ],
                        [
                            167.36349177,
                            -46.22121409
                        ],
                        [
                            167.36337605,
                            -46.22211816
                        ],
                        [
                            167.36326032,
                            -46.22302223
                        ],
                        [
                            167.36314458,
                            -46.2239263
                        ],
                        [
                            167.36302885,
                            -46.22483037
                        ],
                        [
                            167.3629131,
                            -46.22573444
                        ],
                        [
                            167.36279736,
                            -46.2266385
                        ],
                        [
                            167.36268161,
                            -46.22754257
                        ],
                        [
                            167.36256586,
                            -46.22844664
                        ],
                        [
                            167.3624501,
                            -46.2293507
                        ],
                        [
                            167.36233434,
                            -46.23025477
                        ],
                        [
                            167.36221857,
                            -46.23115883
                        ],
                        [
                            167.36178622,
                            -46.23206059
                        ],
                        [
                            167.36135385,
                            -46.23296235
                        ],
                        [
                            167.36092147,
                            -46.23386411
                        ],
                        [
                            167.36048907,
                            -46.23476587
                        ],
                        [
                            167.36010946,
                            -46.2356741
                        ],
                        [
                            167.35972984,
                            -46.23658233
                        ],
                        [
                            167.3593502,
                            -46.23749055
                        ],
                        [
                            167.35789365,
                            -46.23761412
                        ],
                        [
                            167.35643708,
                            -46.23773766
                        ],
                        [
                            167.35498052,
                            -46.23786119
                        ],
                        [
                            167.35357689,
                            -46.23745001
                        ],
                        [
                            167.35217329,
                            -46.23703881
                        ],
                        [
                            167.35119786,
                            -46.23777898
                        ],
                        [
                            167.35022241,
                            -46.23851914
                        ],
                        [
                            167.34924693,
                            -46.2392593
                        ],
                        [
                            167.34827142,
                            -46.23999945
                        ],
                        [
                            167.34741206,
                            -46.23930504
                        ],
                        [
                            167.34655272,
                            -46.23861062
                        ],
                        [
                            167.34569341,
                            -46.2379162
                        ],
                        [
                            167.34495841,
                            -46.23871194
                        ],
                        [
                            167.3442234,
                            -46.23950768
                        ],
                        [
                            167.34348836,
                            -46.24030341
                        ],
                        [
                            167.3427533,
                            -46.24109913
                        ],
                        [
                            167.34201823,
                            -46.24189485
                        ],
                        [
                            167.34128313,
                            -46.24269057
                        ],
                        [
                            167.3402067,
                            -46.24336871
                        ],
                        [
                            167.33913025,
                            -46.24404683
                        ],
                        [
                            167.33805377,
                            -46.24472494
                        ],
                        [
                            167.33672181,
                            -46.24495457
                        ],
                        [
                            167.33538983,
                            -46.24518417
                        ],
                        [
                            167.33405785,
                            -46.24541376
                        ],
                        [
                            167.33272585,
                            -46.24564334
                        ],
                        [
                            167.33155252,
                            -46.24605597
                        ],
                        [
                            167.33037917,
                            -46.2464686
                        ],
                        [
                            167.32920581,
                            -46.24688121
                        ],
                        [
                            167.32803242,
                            -46.2472938
                        ],
                        [
                            167.32685902,
                            -46.24770639
                        ],
                        [
                            167.3256856,
                            -46.24811896
                        ],
                        [
                            167.32451217,
                            -46.24853152
                        ],
                        [
                            167.32396213,
                            -46.24947201
                        ],
                        [
                            167.32341208,
                            -46.25041248
                        ],
                        [
                            167.32286201,
                            -46.25135296
                        ],
                        [
                            167.32231192,
                            -46.25229343
                        ],
                        [
                            167.32176181,
                            -46.2532339
                        ],
                        [
                            167.32047422,
                            -46.25342503
                        ],
                        [
                            167.31918662,
                            -46.25361615
                        ],
                        [
                            167.31789901,
                            -46.25380725
                        ],
                        [
                            167.3168907,
                            -46.2529037
                        ],
                        [
                            167.31588243,
                            -46.25200013
                        ],
                        [
                            167.31715405,
                            -46.25118044
                        ],
                        [
                            167.31842564,
                            -46.25036074
                        ],
                        [
                            167.31774948,
                            -46.24956416
                        ],
                        [
                            167.31707333,
                            -46.24876758
                        ],
                        [
                            167.31639721,
                            -46.24797099
                        ],
                        [
                            167.3157211,
                            -46.24717441
                        ],
                        [
                            167.31504502,
                            -46.24637781
                        ],
                        [
                            167.31436895,
                            -46.24558122
                        ],
                        [
                            167.31366452,
                            -46.24472052
                        ],
                        [
                            167.31296011,
                            -46.24385981
                        ],
                        [
                            167.31225573,
                            -46.24299911
                        ],
                        [
                            167.31155136,
                            -46.24213839
                        ],
                        [
                            167.31084702,
                            -46.24127768
                        ],
                        [
                            167.31014269,
                            -46.24041696
                        ],
                        [
                            167.3094384,
                            -46.23955623
                        ],
                        [
                            167.30873412,
                            -46.2386955
                        ],
                        [
                            167.30784636,
                            -46.238074
                        ],
                        [
                            167.30695862,
                            -46.23745249
                        ],
                        [
                            167.3065934,
                            -46.2386137
                        ],
                        [
                            167.30622818,
                            -46.23977491
                        ],
                        [
                            167.30586293,
                            -46.24093611
                        ],
                        [
                            167.30492789,
                            -46.24089332
                        ],
                        [
                            167.30399285,
                            -46.24085052
                        ],
                        [
                            167.3039166,
                            -46.23972825
                        ],
                        [
                            167.30384035,
                            -46.23860598
                        ],
                        [
                            167.30376409,
                            -46.23748371
                        ],
                        [
                            167.3029851,
                            -46.23656516
                        ],
                        [
                            167.30220613,
                            -46.2356466
                        ],
                        [
                            167.30142719,
                            -46.23472804
                        ],
                        [
                            167.30064827,
                            -46.23380947
                        ],
                        [
                            167.30237866,
                            -46.23385744
                        ],
                        [
                            167.30410905,
                            -46.23390539
                        ],
                        [
                            167.30344007,
                            -46.232967
                        ],
                        [
                            167.30277112,
                            -46.23202861
                        ],
                        [
                            167.30210218,
                            -46.23109022
                        ],
                        [
                            167.30143327,
                            -46.23015182
                        ],
                        [
                            167.30076438,
                            -46.22921342
                        ],
                        [
                            167.30009552,
                            -46.22827501
                        ],
                        [
                            167.29861543,
                            -46.22768713
                        ],
                        [
                            167.29713538,
                            -46.22709923
                        ],
                        [
                            167.29565536,
                            -46.22651131
                        ],
                        [
                            167.29545063,
                            -46.22758124
                        ],
                        [
                            167.29524589,
                            -46.22865117
                        ],
                        [
                            167.29504115,
                            -46.2297211
                        ],
                        [
                            167.29404789,
                            -46.2289065
                        ],
                        [
                            167.29305467,
                            -46.22809189
                        ],
                        [
                            167.29206147,
                            -46.22727728
                        ],
                        [
                            167.29106831,
                            -46.22646265
                        ],
                        [
                            167.29090586,
                            -46.22537095
                        ],
                        [
                            167.29074341,
                            -46.22427925
                        ],
                        [
                            167.28919666,
                            -46.22420463
                        ],
                        [
                            167.28764992,
                            -46.22412999
                        ],
                        [
                            167.28610319,
                            -46.22405533
                        ],
                        [
                            167.28455646,
                            -46.22398065
                        ],
                        [
                            167.28328944,
                            -46.22453491
                        ],
                        [
                            167.28202239,
                            -46.22508916
                        ],
                        [
                            167.28075532,
                            -46.22564339
                        ],
                        [
                            167.27948823,
                            -46.2261976
                        ],
                        [
                            167.27821031,
                            -46.2266442
                        ],
                        [
                            167.27693237,
                            -46.22709078
                        ],
                        [
                            167.27565441,
                            -46.22753735
                        ],
                        [
                            167.27437643,
                            -46.2279839
                        ],
                        [
                            167.27309843,
                            -46.22843044
                        ],
                        [
                            167.27212963,
                            -46.22902524
                        ],
                        [
                            167.27116081,
                            -46.22962003
                        ],
                        [
                            167.27126512,
                            -46.22869679
                        ],
                        [
                            167.27136942,
                            -46.22777355
                        ],
                        [
                            167.27147371,
                            -46.22685031
                        ],
                        [
                            167.271578,
                            -46.22592707
                        ],
                        [
                            167.2716823,
                            -46.22500382
                        ],
                        [
                            167.27178658,
                            -46.22408058
                        ],
                        [
                            167.27189086,
                            -46.22315734
                        ],
                        [
                            167.2706084,
                            -46.22327951
                        ],
                        [
                            167.26932594,
                            -46.22340167
                        ],
                        [
                            167.26903629,
                            -46.22431618
                        ],
                        [
                            167.26874663,
                            -46.2252307
                        ],
                        [
                            167.26845695,
                            -46.22614521
                        ],
                        [
                            167.26816727,
                            -46.22705972
                        ],
                        [
                            167.26787758,
                            -46.22797423
                        ],
                        [
                            167.26758788,
                            -46.22888874
                        ],
                        [
                            167.26627255,
                            -46.22914981
                        ],
                        [
                            167.26495721,
                            -46.22941087
                        ],
                        [
                            167.26446839,
                            -46.22846037
                        ],
                        [
                            167.26397958,
                            -46.22750986
                        ],
                        [
                            167.26349079,
                            -46.22655935
                        ],
                        [
                            167.26300202,
                            -46.22560883
                        ],
                        [
                            167.26251326,
                            -46.22465832
                        ],
                        [
                            167.26202452,
                            -46.2237078
                        ],
                        [
                            167.2615358,
                            -46.22275728
                        ],
                        [
                            167.26104709,
                            -46.22180676
                        ],
                        [
                            167.26119646,
                            -46.22086121
                        ],
                        [
                            167.26134583,
                            -46.21991566
                        ],
                        [
                            167.26149519,
                            -46.2189701
                        ],
                        [
                            167.26164455,
                            -46.21802455
                        ],
                        [
                            167.2617939,
                            -46.217079
                        ],
                        [
                            167.26194325,
                            -46.21613345
                        ],
                        [
                            167.26209259,
                            -46.21518789
                        ],
                        [
                            167.26224193,
                            -46.21424234
                        ],
                        [
                            167.26153666,
                            -46.21335911
                        ],
                        [
                            167.26083142,
                            -46.21247588
                        ],
                        [
                            167.2601262,
                            -46.21159264
                        ],
                        [
                            167.25909923,
                            -46.21223091
                        ],
                        [
                            167.25807223,
                            -46.21286918
                        ],
                        [
                            167.25704521,
                            -46.21350743
                        ],
                        [
                            167.25601817,
                            -46.21414568
                        ],
                        [
                            167.25490939,
                            -46.21453763
                        ],
                        [
                            167.2538006,
                            -46.21492957
                        ],
                        [
                            167.25327555,
                            -46.21576445
                        ],
                        [
                            167.2527505,
                            -46.21659934
                        ],
                        [
                            167.25222542,
                            -46.21743422
                        ],
                        [
                            167.25170033,
                            -46.2182691
                        ],
                        [
                            167.25117523,
                            -46.21910398
                        ],
                        [
                            167.25065011,
                            -46.21993885
                        ],
                        [
                            167.25012497,
                            -46.22077372
                        ],
                        [
                            167.24959982,
                            -46.22160859
                        ],
                        [
                            167.24857441,
                            -46.22077337
                        ],
                        [
                            167.24754904,
                            -46.21993814
                        ],
                        [
                            167.2465237,
                            -46.2191029
                        ],
                        [
                            167.24549839,
                            -46.21826765
                        ],
                        [
                            167.24586728,
                            -46.21736208
                        ],
                        [
                            167.24623615,
                            -46.2164565
                        ],
                        [
                            167.24660502,
                            -46.21555093
                        ],
                        [
                            167.24697388,
                            -46.21464535
                        ],
                        [
                            167.24634293,
                            -46.2137015
                        ],
                        [
                            167.245712,
                            -46.21275764
                        ],
                        [
                            167.24508109,
                            -46.21181378
                        ],
                        [
                            167.2444502,
                            -46.21086991
                        ],
                        [
                            167.24381933,
                            -46.20992604
                        ],
                        [
                            167.2440932,
                            -46.20900812
                        ],
                        [
                            167.24436706,
                            -46.20809019
                        ],
                        [
                            167.2446409,
                            -46.20717226
                        ],
                        [
                            167.24491474,
                            -46.20625433
                        ],
                        [
                            167.24518857,
                            -46.2053364
                        ],
                        [
                            167.24546239,
                            -46.20441847
                        ],
                        [
                            167.2457362,
                            -46.20350054
                        ],
                        [
                            167.24601,
                            -46.20258261
                        ],
                        [
                            167.24628379,
                            -46.20166468
                        ],
                        [
                            167.24655757,
                            -46.20074674
                        ],
                        [
                            167.24683134,
                            -46.19982881
                        ],
                        [
                            167.2471051,
                            -46.19891087
                        ],
                        [
                            167.24737886,
                            -46.19799293
                        ],
                        [
                            167.24818163,
                            -46.19713151
                        ],
                        [
                            167.24898438,
                            -46.19627008
                        ],
                        [
                            167.2497871,
                            -46.19540865
                        ],
                        [
                            167.2505898,
                            -46.19454721
                        ],
                        [
                            167.25139247,
                            -46.19368576
                        ],
                        [
                            167.25170405,
                            -46.1927732
                        ],
                        [
                            167.25201561,
                            -46.19186064
                        ],
                        [
                            167.25232717,
                            -46.19094808
                        ],
                        [
                            167.25263871,
                            -46.19003551
                        ],
                        [
                            167.25295024,
                            -46.18912294
                        ],
                        [
                            167.25326177,
                            -46.18821038
                        ],
                        [
                            167.25357328,
                            -46.18729781
                        ],
                        [
                            167.25388478,
                            -46.18638524
                        ],
                        [
                            167.25419627,
                            -46.18547267
                        ],
                        [
                            167.25450775,
                            -46.1845601
                        ],
                        [
                            167.25481922,
                            -46.18364752
                        ],
                        [
                            167.25513068,
                            -46.18273495
                        ],
                        [
                            167.25544213,
                            -46.18182238
                        ],
                        [
                            167.25575357,
                            -46.1809098
                        ],
                        [
                            167.256065,
                            -46.17999722
                        ],
                        [
                            167.25637642,
                            -46.17908464
                        ],
                        [
                            167.25668783,
                            -46.17817206
                        ],
                        [
                            167.25699923,
                            -46.17725948
                        ],
                        [
                            167.25754479,
                            -46.17639743
                        ],
                        [
                            167.25809034,
                            -46.17553538
                        ],
                        [
                            167.25863587,
                            -46.17467332
                        ],
                        [
                            167.25918138,
                            -46.17381127
                        ],
                        [
                            167.25972688,
                            -46.1729492
                        ],
                        [
                            167.25904524,
                            -46.17208898
                        ],
                        [
                            167.25836361,
                            -46.17122876
                        ],
                        [
                            167.25768201,
                            -46.17036853
                        ],
                        [
                            167.25700043,
                            -46.1695083
                        ],
                        [
                            167.25678108,
                            -46.16847042
                        ],
                        [
                            167.25656174,
                            -46.16743254
                        ],
                        [
                            167.25634241,
                            -46.16639466
                        ],
                        [
                            167.25612309,
                            -46.16535677
                        ],
                        [
                            167.25590377,
                            -46.16431889
                        ],
                        [
                            167.25568446,
                            -46.163281
                        ],
                        [
                            167.25616368,
                            -46.16235523
                        ],
                        [
                            167.25664288,
                            -46.16142946
                        ],
                        [
                            167.25712206,
                            -46.16050368
                        ],
                        [
                            167.25760123,
                            -46.15957791
                        ],
                        [
                            167.25808039,
                            -46.15865213
                        ],
                        [
                            167.2585843,
                            -46.15776342
                        ],
                        [
                            167.2590882,
                            -46.1568747
                        ],
                        [
                            167.25959209,
                            -46.15598599
                        ],
                        [
                            167.26009596,
                            -46.15509727
                        ],
                        [
                            167.26059981,
                            -46.15420855
                        ],
                        [
                            167.26110364,
                            -46.15331982
                        ],
                        [
                            167.26160746,
                            -46.1524311
                        ],
                        [
                            167.26211126,
                            -46.15154237
                        ],
                        [
                            167.26175415,
                            -46.15064319
                        ],
                        [
                            167.26139705,
                            -46.149744
                        ],
                        [
                            167.26103997,
                            -46.14884482
                        ],
                        [
                            167.26068289,
                            -46.14794563
                        ],
                        [
                            167.26032583,
                            -46.14704644
                        ],
                        [
                            167.25996877,
                            -46.14614725
                        ],
                        [
                            167.25961173,
                            -46.14524806
                        ],
                        [
                            167.2592547,
                            -46.14434887
                        ],
                        [
                            167.25889768,
                            -46.14344968
                        ],
                        [
                            167.25854067,
                            -46.14255049
                        ],
                        [
                            167.25818368,
                            -46.14165129
                        ],
                        [
                            167.25782669,
                            -46.1407521
                        ],
                        [
                            167.25726328,
                            -46.13973261
                        ],
                        [
                            167.25669989,
                            -46.13871313
                        ],
                        [
                            167.25613652,
                            -46.13769364
                        ],
                        [
                            167.25619321,
                            -46.13667077
                        ],
                        [
                            167.2562499,
                            -46.1356479
                        ],
                        [
                            167.25630659,
                            -46.13462503
                        ],
                        [
                            167.25636327,
                            -46.13360215
                        ],
                        [
                            167.25641996,
                            -46.13257928
                        ],
                        [
                            167.2579239,
                            -46.13231642
                        ],
                        [
                            167.25942784,
                            -46.13205354
                        ],
                        [
                            167.26093176,
                            -46.13179064
                        ],
                        [
                            167.26243566,
                            -46.13152772
                        ],
                        [
                            167.26393955,
                            -46.13126479
                        ],
                        [
                            167.26408257,
                            -46.13036602
                        ],
                        [
                            167.26422558,
                            -46.12946726
                        ],
                        [
                            167.26436858,
                            -46.1285685
                        ],
                        [
                            167.26451158,
                            -46.12766973
                        ],
                        [
                            167.26465458,
                            -46.12677097
                        ],
                        [
                            167.26479757,
                            -46.12587221
                        ],
                        [
                            167.26606538,
                            -46.12576869
                        ],
                        [
                            167.26733319,
                            -46.12566516
                        ],
                        [
                            167.26783129,
                            -46.12466354
                        ],
                        [
                            167.26832937,
                            -46.12366191
                        ],
                        [
                            167.26882743,
                            -46.12266028
                        ],
                        [
                            167.26932547,
                            -46.12165865
                        ],
                        [
                            167.2698235,
                            -46.12065701
                        ],
                        [
                            167.26848377,
                            -46.1204418
                        ],
                        [
                            167.26714404,
                            -46.12022658
                        ],
                        [
                            167.26580433,
                            -46.12001135
                        ],
                        [
                            167.26446463,
                            -46.11979609
                        ],
                        [
                            167.26312494,
                            -46.11958082
                        ],
                        [
                            167.26178526,
                            -46.11936554
                        ],
                        [
                            167.26124489,
                            -46.11850624
                        ],
                        [
                            167.26070453,
                            -46.11764694
                        ],
                        [
                            167.26016418,
                            -46.11678764
                        ],
                        [
                            167.25962385,
                            -46.11592833
                        ],
                        [
                            167.25908354,
                            -46.11506902
                        ],
                        [
                            167.25854325,
                            -46.11420971
                        ],
                        [
                            167.25800297,
                            -46.1133504
                        ],
                        [
                            167.25660512,
                            -46.11322788
                        ],
                        [
                            167.25520727,
                            -46.11310535
                        ],
                        [
                            167.25380942,
                            -46.1129828
                        ],
                        [
                            167.25241159,
                            -46.11286023
                        ],
                        [
                            167.25101376,
                            -46.11273765
                        ],
                        [
                            167.24961593,
                            -46.11261505
                        ],
                        [
                            167.24821812,
                            -46.11249243
                        ],
                        [
                            167.24808889,
                            -46.1135202
                        ],
                        [
                            167.24795966,
                            -46.11454796
                        ],
                        [
                            167.24783042,
                            -46.11557572
                        ],
                        [
                            167.24770118,
                            -46.11660349
                        ],
                        [
                            167.24757193,
                            -46.11763125
                        ],
                        [
                            167.24843856,
                            -46.11839293
                        ],
                        [
                            167.24930522,
                            -46.1191546
                        ],
                        [
                            167.25017191,
                            -46.11991627
                        ],
                        [
                            167.25103861,
                            -46.12067793
                        ],
                        [
                            167.25190534,
                            -46.12143958
                        ],
                        [
                            167.25204517,
                            -46.12243599
                        ],
                        [
                            167.25218501,
                            -46.12343239
                        ],
                        [
                            167.25232485,
                            -46.1244288
                        ],
                        [
                            167.25246469,
                            -46.1254252
                        ],
                        [
                            167.25260454,
                            -46.12642161
                        ],
                        [
                            167.25274339,
                            -46.12741085
                        ],
                        [
                            167.25288224,
                            -46.1284001
                        ],
                        [
                            167.2530211,
                            -46.12938935
                        ],
                        [
                            167.25315997,
                            -46.13037859
                        ],
                        [
                            167.2524512,
                            -46.13122669
                        ],
                        [
                            167.25174241,
                            -46.13207478
                        ],
                        [
                            167.2510336,
                            -46.13292286
                        ],
                        [
                            167.25032477,
                            -46.13377094
                        ],
                        [
                            167.24961592,
                            -46.13461902
                        ],
                        [
                            167.24890704,
                            -46.13546709
                        ],
                        [
                            167.24909246,
                            -46.13644567
                        ],
                        [
                            167.24927788,
                            -46.13742425
                        ],
                        [
                            167.24946331,
                            -46.13840283
                        ],
                        [
                            167.24964875,
                            -46.13938141
                        ],
                        [
                            167.24983419,
                            -46.14035999
                        ],
                        [
                            167.25001963,
                            -46.14133857
                        ],
                        [
                            167.25020509,
                            -46.14231715
                        ],
                        [
                            167.25039055,
                            -46.14329573
                        ],
                        [
                            167.25057602,
                            -46.14427431
                        ],
                        [
                            167.25076149,
                            -46.14525288
                        ],
                        [
                            167.25093156,
                            -46.14614661
                        ],
                        [
                            167.25110164,
                            -46.14704034
                        ],
                        [
                            167.25127172,
                            -46.14793407
                        ],
                        [
                            167.25144181,
                            -46.1488278
                        ],
                        [
                            167.25161191,
                            -46.14972152
                        ],
                        [
                            167.25178201,
                            -46.15061525
                        ],
                        [
                            167.25195211,
                            -46.15150898
                        ],
                        [
                            167.25212222,
                            -46.1524027
                        ],
                        [
                            167.25229234,
                            -46.15329643
                        ],
                        [
                            167.25246246,
                            -46.15419015
                        ],
                        [
                            167.25263258,
                            -46.15508388
                        ],
                        [
                            167.25157958,
                            -46.1556196
                        ],
                        [
                            167.25052655,
                            -46.15615531
                        ],
                        [
                            167.2494735,
                            -46.15669101
                        ],
                        [
                            167.24833609,
                            -46.15613816
                        ],
                        [
                            167.2471987,
                            -46.15558529
                        ],
                        [
                            167.24606134,
                            -46.15503241
                        ],
                        [
                            167.244924,
                            -46.15447951
                        ],
                        [
                            167.24355648,
                            -46.15497942
                        ],
                        [
                            167.24218894,
                            -46.15547932
                        ],
                        [
                            167.24082138,
                            -46.15597919
                        ],
                        [
                            167.24068309,
                            -46.15687642
                        ],
                        [
                            167.24054479,
                            -46.15777364
                        ],
                        [
                            167.24040649,
                            -46.15867087
                        ],
                        [
                            167.24026819,
                            -46.15956809
                        ],
                        [
                            167.24012988,
                            -46.16046531
                        ],
                        [
                            167.23999157,
                            -46.16136254
                        ],
                        [
                            167.23985325,
                            -46.16225976
                        ],
                        [
                            167.24012745,
                            -46.16318469
                        ],
                        [
                            167.24040167,
                            -46.16410961
                        ],
                        [
                            167.24067589,
                            -46.16503454
                        ],
                        [
                            167.24095012,
                            -46.16595946
                        ],
                        [
                            167.24122436,
                            -46.16688439
                        ],
                        [
                            167.24149861,
                            -46.16780931
                        ],
                        [
                            167.24177287,
                            -46.16873424
                        ],
                        [
                            167.24306478,
                            -46.16916663
                        ],
                        [
                            167.24435672,
                            -46.169599
                        ],
                        [
                            167.24564868,
                            -46.17003137
                        ],
                        [
                            167.24511644,
                            -46.1710406
                        ],
                        [
                            167.24458418,
                            -46.17204984
                        ],
                        [
                            167.2440519,
                            -46.17305907
                        ],
                        [
                            167.2435196,
                            -46.17406829
                        ],
                        [
                            167.24435022,
                            -46.17451732
                        ],
                        [
                            167.24518085,
                            -46.17496635
                        ],
                        [
                            167.24628667,
                            -46.17553071
                        ],
                        [
                            167.24739251,
                            -46.17609506
                        ],
                        [
                            167.247959,
                            -46.17735531
                        ],
                        [
                            167.24852551,
                            -46.17861555
                        ],
                        [
                            167.24819687,
                            -46.17978001
                        ],
                        [
                            167.24786822,
                            -46.18094447
                        ],
                        [
                            167.24753954,
                            -46.18210892
                        ],
                        [
                            167.24717895,
                            -46.18110118
                        ],
                        [
                            167.24681837,
                            -46.18009344
                        ],
                        [
                            167.24645781,
                            -46.1790857
                        ],
                        [
                            167.2450383,
                            -46.17875813
                        ],
                        [
                            167.2436188,
                            -46.17843055
                        ],
                        [
                            167.24295161,
                            -46.17922468
                        ],
                        [
                            167.24228439,
                            -46.18001881
                        ],
                        [
                            167.24161715,
                            -46.18081293
                        ],
                        [
                            167.2409499,
                            -46.18160705
                        ],
                        [
                            167.24028262,
                            -46.18240117
                        ],
                        [
                            167.23961533,
                            -46.18319528
                        ],
                        [
                            167.23894801,
                            -46.18398938
                        ],
                        [
                            167.23828068,
                            -46.18478349
                        ],
                        [
                            167.23761333,
                            -46.18557758
                        ],
                        [
                            167.23694596,
                            -46.18637168
                        ],
                        [
                            167.23627857,
                            -46.18716577
                        ],
                        [
                            167.23561116,
                            -46.18795985
                        ],
                        [
                            167.23494373,
                            -46.18875394
                        ],
                        [
                            167.23427628,
                            -46.18954801
                        ],
                        [
                            167.23360881,
                            -46.19034209
                        ],
                        [
                            167.23294132,
                            -46.19113616
                        ],
                        [
                            167.23284882,
                            -46.19204451
                        ],
                        [
                            167.23275631,
                            -46.19295286
                        ],
                        [
                            167.2326638,
                            -46.19386121
                        ],
                        [
                            167.23257129,
                            -46.19476956
                        ],
                        [
                            167.23247877,
                            -46.19567791
                        ],
                        [
                            167.23238625,
                            -46.19658626
                        ],
                        [
                            167.23229373,
                            -46.19749461
                        ],
                        [
                            167.2322012,
                            -46.19840296
                        ],
                        [
                            167.23210867,
                            -46.1993113
                        ],
                        [
                            167.23201614,
                            -46.20021965
                        ],
                        [
                            167.23192361,
                            -46.201128
                        ],
                        [
                            167.23183107,
                            -46.20203635
                        ],
                        [
                            167.23173852,
                            -46.20294469
                        ],
                        [
                            167.23164598,
                            -46.20385304
                        ],
                        [
                            167.23155343,
                            -46.20476139
                        ],
                        [
                            167.23191892,
                            -46.20569246
                        ],
                        [
                            167.23228443,
                            -46.20662353
                        ],
                        [
                            167.23264994,
                            -46.20755459
                        ],
                        [
                            167.23301547,
                            -46.20848566
                        ],
                        [
                            167.23338101,
                            -46.20941672
                        ],
                        [
                            167.23374657,
                            -46.21034779
                        ],
                        [
                            167.23411213,
                            -46.21127885
                        ],
                        [
                            167.23447771,
                            -46.21220991
                        ],
                        [
                            167.2348433,
                            -46.21314097
                        ],
                        [
                            167.2352089,
                            -46.21407203
                        ],
                        [
                            167.23557451,
                            -46.21500308
                        ],
                        [
                            167.23594014,
                            -46.21593414
                        ],
                        [
                            167.23630578,
                            -46.21686519
                        ],
                        [
                            167.23669899,
                            -46.21775769
                        ],
                        [
                            167.23709222,
                            -46.21865018
                        ],
                        [
                            167.23748546,
                            -46.21954267
                        ],
                        [
                            167.23787871,
                            -46.22043516
                        ],
                        [
                            167.23699745,
                            -46.22119834
                        ],
                        [
                            167.23611616,
                            -46.2219615
                        ],
                        [
                            167.23523486,
                            -46.22272466
                        ],
                        [
                            167.23435352,
                            -46.22348782
                        ],
                        [
                            167.23347217,
                            -46.22425096
                        ],
                        [
                            167.23433404,
                            -46.22503437
                        ],
                        [
                            167.23519594,
                            -46.22581777
                        ],
                        [
                            167.23605786,
                            -46.22660116
                        ],
                        [
                            167.23691981,
                            -46.22738455
                        ],
                        [
                            167.23778178,
                            -46.22816793
                        ],
                        [
                            167.23864377,
                            -46.2289513
                        ],
                        [
                            167.23804558,
                            -46.22984626
                        ],
                        [
                            167.23744736,
                            -46.23074121
                        ],
                        [
                            167.23684913,
                            -46.23163616
                        ],
                        [
                            167.23625087,
                            -46.23253111
                        ],
                        [
                            167.2356526,
                            -46.23342605
                        ],
                        [
                            167.23505431,
                            -46.23432099
                        ],
                        [
                            167.23445599,
                            -46.23521593
                        ],
                        [
                            167.23385766,
                            -46.23611086
                        ],
                        [
                            167.23325931,
                            -46.23700579
                        ],
                        [
                            167.23214195,
                            -46.23635121
                        ],
                        [
                            167.23102461,
                            -46.23569662
                        ],
                        [
                            167.2299073,
                            -46.23504202
                        ],
                        [
                            167.22879002,
                            -46.23438742
                        ],
                        [
                            167.22767276,
                            -46.2337328
                        ],
                        [
                            167.22655553,
                            -46.23307816
                        ],
                        [
                            167.22806026,
                            -46.23266763
                        ],
                        [
                            167.22956497,
                            -46.23225709
                        ],
                        [
                            167.23106965,
                            -46.23184652
                        ],
                        [
                            167.23257431,
                            -46.23143593
                        ],
                        [
                            167.23189467,
                            -46.23062168
                        ],
                        [
                            167.23121504,
                            -46.22980742
                        ],
                        [
                            167.23053544,
                            -46.22899317
                        ],
                        [
                            167.22936275,
                            -46.22843584
                        ],
                        [
                            167.22819009,
                            -46.22787851
                        ],
                        [
                            167.22701746,
                            -46.22732116
                        ],
                        [
                            167.22584485,
                            -46.2267638
                        ],
                        [
                            167.22467226,
                            -46.22620643
                        ],
                        [
                            167.2234997,
                            -46.22564905
                        ],
                        [
                            167.22232716,
                            -46.22509166
                        ],
                        [
                            167.22115464,
                            -46.22453425
                        ],
                        [
                            167.2200617,
                            -46.22515847
                        ],
                        [
                            167.21896873,
                            -46.22578269
                        ],
                        [
                            167.21787574,
                            -46.22640689
                        ],
                        [
                            167.21678272,
                            -46.22703108
                        ],
                        [
                            167.21568968,
                            -46.22765526
                        ],
                        [
                            167.21459661,
                            -46.22827943
                        ],
                        [
                            167.21338051,
                            -46.22779455
                        ],
                        [
                            167.21216444,
                            -46.22730967
                        ],
                        [
                            167.21094838,
                            -46.22682476
                        ],
                        [
                            167.20973235,
                            -46.22633985
                        ],
                        [
                            167.20851633,
                            -46.22585493
                        ],
                        [
                            167.20730034,
                            -46.22536999
                        ],
                        [
                            167.20608437,
                            -46.22488504
                        ],
                        [
                            167.20480287,
                            -46.22465755
                        ],
                        [
                            167.20352138,
                            -46.22443004
                        ],
                        [
                            167.2022399,
                            -46.22420252
                        ],
                        [
                            167.20095844,
                            -46.22397499
                        ],
                        [
                            167.19967698,
                            -46.22374744
                        ],
                        [
                            167.19839553,
                            -46.22351988
                        ],
                        [
                            167.19711409,
                            -46.2232923
                        ],
                        [
                            167.19583267,
                            -46.22306471
                        ],
                        [
                            167.19455125,
                            -46.22283711
                        ],
                        [
                            167.19341232,
                            -46.22346485
                        ],
                        [
                            167.19227336,
                            -46.22409257
                        ],
                        [
                            167.19113437,
                            -46.22472029
                        ],
                        [
                            167.18999536,
                            -46.22534799
                        ],
                        [
                            167.18885632,
                            -46.22597569
                        ],
                        [
                            167.18771725,
                            -46.22660337
                        ],
                        [
                            167.18694379,
                            -46.22745036
                        ],
                        [
                            167.1861703,
                            -46.22829734
                        ],
                        [
                            167.18539678,
                            -46.22914432
                        ],
                        [
                            167.18462324,
                            -46.2299913
                        ],
                        [
                            167.18384968,
                            -46.23083827
                        ],
                        [
                            167.1830761,
                            -46.23168523
                        ],
                        [
                            167.18230249,
                            -46.23253219
                        ],
                        [
                            167.18072762,
                            -46.23243879
                        ],
                        [
                            167.17915277,
                            -46.23234537
                        ],
                        [
                            167.17938912,
                            -46.23134722
                        ],
                        [
                            167.17962547,
                            -46.23034907
                        ],
                        [
                            167.1798618,
                            -46.22935092
                        ],
                        [
                            167.18009813,
                            -46.22835277
                        ],
                        [
                            167.18033445,
                            -46.22735462
                        ],
                        [
                            167.18057076,
                            -46.22635646
                        ],
                        [
                            167.18080707,
                            -46.22535831
                        ],
                        [
                            167.18104336,
                            -46.22436016
                        ],
                        [
                            167.17972914,
                            -46.22356868
                        ],
                        [
                            167.17841497,
                            -46.2227772
                        ],
                        [
                            167.17783923,
                            -46.2236131
                        ],
                        [
                            167.17726347,
                            -46.224449
                        ],
                        [
                            167.1766877,
                            -46.22528489
                        ],
                        [
                            167.17611191,
                            -46.22612078
                        ],
                        [
                            167.17553611,
                            -46.22695667
                        ],
                        [
                            167.17459629,
                            -46.22761464
                        ],
                        [
                            167.17365645,
                            -46.2282726
                        ],
                        [
                            167.17271659,
                            -46.22893055
                        ],
                        [
                            167.17148213,
                            -46.2295337
                        ],
                        [
                            167.17024765,
                            -46.23013684
                        ],
                        [
                            167.16901314,
                            -46.23073996
                        ],
                        [
                            167.16879192,
                            -46.2317342
                        ],
                        [
                            167.1685707,
                            -46.23272845
                        ],
                        [
                            167.16834946,
                            -46.23372269
                        ],
                        [
                            167.16871117,
                            -46.23495707
                        ],
                        [
                            167.16907289,
                            -46.23619144
                        ],
                        [
                            167.16743384,
                            -46.23653999
                        ],
                        [
                            167.16579477,
                            -46.23688852
                        ],
                        [
                            167.16530073,
                            -46.23600795
                        ],
                        [
                            167.16480671,
                            -46.23512737
                        ],
                        [
                            167.1643127,
                            -46.2342468
                        ],
                        [
                            167.1638187,
                            -46.23336622
                        ],
                        [
                            167.16440055,
                            -46.23249163
                        ],
                        [
                            167.16498238,
                            -46.23161704
                        ],
                        [
                            167.16556419,
                            -46.23074244
                        ],
                        [
                            167.16614598,
                            -46.22986784
                        ],
                        [
                            167.16672775,
                            -46.22899323
                        ],
                        [
                            167.16631374,
                            -46.22810572
                        ],
                        [
                            167.16589974,
                            -46.2272182
                        ],
                        [
                            167.16548576,
                            -46.22633068
                        ],
                        [
                            167.16407741,
                            -46.22650221
                        ],
                        [
                            167.16266905,
                            -46.22667372
                        ],
                        [
                            167.16126069,
                            -46.22684521
                        ],
                        [
                            167.15985231,
                            -46.22701669
                        ],
                        [
                            167.15873971,
                            -46.22650801
                        ],
                        [
                            167.15762713,
                            -46.22599931
                        ],
                        [
                            167.15651456,
                            -46.22549061
                        ],
                        [
                            167.15540202,
                            -46.22498189
                        ],
                        [
                            167.1542895,
                            -46.22447317
                        ],
                        [
                            167.153177,
                            -46.22396443
                        ],
                        [
                            167.15206452,
                            -46.22345569
                        ],
                        [
                            167.15095206,
                            -46.22294693
                        ],
                        [
                            167.14983962,
                            -46.22243816
                        ],
                        [
                            167.1487272,
                            -46.22192938
                        ],
                        [
                            167.1476148,
                            -46.22142059
                        ],
                        [
                            167.14650243,
                            -46.22091179
                        ],
                        [
                            167.14490013,
                            -46.22115885
                        ],
                        [
                            167.14329783,
                            -46.22140588
                        ],
                        [
                            167.14169551,
                            -46.22165289
                        ],
                        [
                            167.14044352,
                            -46.22135504
                        ],
                        [
                            167.13919154,
                            -46.22105717
                        ],
                        [
                            167.13793958,
                            -46.2207593
                        ],
                        [
                            167.13668763,
                            -46.22046141
                        ],
                        [
                            167.1354357,
                            -46.2201635
                        ],
                        [
                            167.13418377,
                            -46.21986559
                        ],
                        [
                            167.13380904,
                            -46.22115358
                        ],
                        [
                            167.13343429,
                            -46.22244157
                        ],
                        [
                            167.13224725,
                            -46.22303155
                        ],
                        [
                            167.13106019,
                            -46.22362151
                        ],
                        [
                            167.12987309,
                            -46.22421147
                        ],
                        [
                            167.12868597,
                            -46.22480141
                        ],
                        [
                            167.12749883,
                            -46.22539134
                        ],
                        [
                            167.12631166,
                            -46.22598126
                        ],
                        [
                            167.12512447,
                            -46.22657117
                        ],
                        [
                            167.12419777,
                            -46.2258458
                        ],
                        [
                            167.12327109,
                            -46.22512043
                        ],
                        [
                            167.12234444,
                            -46.22439505
                        ],
                        [
                            167.12141781,
                            -46.22366966
                        ],
                        [
                            167.1204912,
                            -46.22294427
                        ],
                        [
                            167.11956462,
                            -46.22221887
                        ],
                        [
                            167.11863806,
                            -46.22149346
                        ],
                        [
                            167.1172175,
                            -46.22149022
                        ],
                        [
                            167.11579694,
                            -46.22148697
                        ],
                        [
                            167.11437638,
                            -46.2214837
                        ],
                        [
                            167.11295583,
                            -46.22148042
                        ],
                        [
                            167.11153527,
                            -46.22147712
                        ],
                        [
                            167.11011471,
                            -46.2214738
                        ],
                        [
                            167.10869415,
                            -46.22147046
                        ],
                        [
                            167.1072736,
                            -46.2214671
                        ],
                        [
                            167.1062284,
                            -46.22081624
                        ],
                        [
                            167.10518324,
                            -46.22016536
                        ],
                        [
                            167.10413809,
                            -46.21951448
                        ],
                        [
                            167.10309297,
                            -46.21886359
                        ],
                        [
                            167.10204788,
                            -46.21821269
                        ],
                        [
                            167.10100281,
                            -46.21756177
                        ],
                        [
                            167.09995777,
                            -46.21691085
                        ],
                        [
                            167.09891275,
                            -46.21625992
                        ],
                        [
                            167.09786775,
                            -46.21560899
                        ],
                        [
                            167.09682278,
                            -46.21495804
                        ],
                        [
                            167.09577784,
                            -46.21430708
                        ],
                        [
                            167.09598017,
                            -46.21336213
                        ],
                        [
                            167.0961825,
                            -46.21241718
                        ],
                        [
                            167.09638482,
                            -46.21147223
                        ],
                        [
                            167.09658713,
                            -46.21052728
                        ],
                        [
                            167.09678943,
                            -46.20958233
                        ],
                        [
                            167.09699173,
                            -46.20863738
                        ],
                        [
                            167.09517422,
                            -46.20848291
                        ],
                        [
                            167.09335671,
                            -46.20832841
                        ],
                        [
                            167.09239105,
                            -46.20734693
                        ],
                        [
                            167.09142543,
                            -46.20636545
                        ],
                        [
                            167.09045984,
                            -46.20538395
                        ],
                        [
                            167.09104068,
                            -46.20433517
                        ],
                        [
                            167.09162151,
                            -46.20328638
                        ],
                        [
                            167.09220231,
                            -46.20223759
                        ],
                        [
                            167.09278309,
                            -46.20118879
                        ],
                        [
                            167.09183582,
                            -46.20049784
                        ],
                        [
                            167.09088856,
                            -46.19980688
                        ],
                        [
                            167.08994133,
                            -46.19911591
                        ],
                        [
                            167.08904204,
                            -46.19997632
                        ],
                        [
                            167.08814272,
                            -46.20083672
                        ],
                        [
                            167.08796294,
                            -46.20186832
                        ],
                        [
                            167.08778315,
                            -46.20289992
                        ],
                        [
                            167.08760335,
                            -46.20393153
                        ],
                        [
                            167.08701797,
                            -46.20486465
                        ],
                        [
                            167.08643257,
                            -46.20579778
                        ],
                        [
                            167.08584715,
                            -46.2067309
                        ],
                        [
                            167.0852617,
                            -46.20766401
                        ],
                        [
                            167.08467624,
                            -46.20859713
                        ],
                        [
                            167.08409076,
                            -46.20953024
                        ],
                        [
                            167.08350526,
                            -46.21046334
                        ],
                        [
                            167.08268798,
                            -46.20969092
                        ],
                        [
                            167.08187072,
                            -46.2089185
                        ],
                        [
                            167.08105349,
                            -46.20814607
                        ],
                        [
                            167.08023628,
                            -46.20737363
                        ],
                        [
                            167.08034508,
                            -46.2063774
                        ],
                        [
                            167.08045387,
                            -46.20538116
                        ],
                        [
                            167.08056265,
                            -46.20438493
                        ],
                        [
                            167.08067143,
                            -46.2033887
                        ],
                        [
                            167.08003642,
                            -46.20238347
                        ],
                        [
                            167.07940143,
                            -46.20137824
                        ],
                        [
                            167.07804944,
                            -46.20093889
                        ],
                        [
                            167.07669747,
                            -46.20049953
                        ],
                        [
                            167.07534553,
                            -46.20006016
                        ],
                        [
                            167.07399361,
                            -46.19962076
                        ],
                        [
                            167.07283725,
                            -46.19917868
                        ],
                        [
                            167.07168092,
                            -46.19873658
                        ],
                        [
                            167.0705246,
                            -46.19829447
                        ],
                        [
                            167.06936831,
                            -46.19785235
                        ],
                        [
                            167.06821203,
                            -46.19741021
                        ],
                        [
                            167.06705577,
                            -46.19696807
                        ],
                        [
                            167.06568062,
                            -46.19751829
                        ],
                        [
                            167.06430545,
                            -46.1980685
                        ],
                        [
                            167.06293025,
                            -46.19861869
                        ],
                        [
                            167.06222847,
                            -46.19941223
                        ],
                        [
                            167.06152667,
                            -46.20020576
                        ],
                        [
                            167.06082485,
                            -46.20099929
                        ],
                        [
                            167.06012301,
                            -46.20179282
                        ],
                        [
                            167.05942115,
                            -46.20258634
                        ],
                        [
                            167.05871927,
                            -46.20337986
                        ],
                        [
                            167.05753151,
                            -46.20289958
                        ],
                        [
                            167.05634377,
                            -46.20241929
                        ],
                        [
                            167.05622895,
                            -46.20150049
                        ],
                        [
                            167.05611413,
                            -46.2005817
                        ],
                        [
                            167.05599932,
                            -46.19966291
                        ],
                        [
                            167.05499697,
                            -46.19881525
                        ],
                        [
                            167.05399465,
                            -46.19796759
                        ],
                        [
                            167.05304923,
                            -46.19893032
                        ],
                        [
                            167.05210377,
                            -46.19989305
                        ],
                        [
                            167.05042845,
                            -46.19940164
                        ],
                        [
                            167.04875316,
                            -46.19891022
                        ],
                        [
                            167.04803529,
                            -46.19805333
                        ],
                        [
                            167.04731744,
                            -46.19719644
                        ],
                        [
                            167.04659962,
                            -46.19633954
                        ],
                        [
                            167.04524744,
                            -46.19655163
                        ],
                        [
                            167.04389526,
                            -46.1967637
                        ],
                        [
                            167.04254307,
                            -46.19697575
                        ],
                        [
                            167.04119086,
                            -46.19718779
                        ],
                        [
                            167.03983865,
                            -46.19739981
                        ],
                        [
                            167.03971368,
                            -46.19835342
                        ],
                        [
                            167.03958871,
                            -46.19930703
                        ],
                        [
                            167.03946373,
                            -46.20026064
                        ],
                        [
                            167.03933874,
                            -46.20121425
                        ],
                        [
                            167.03921376,
                            -46.20216785
                        ],
                        [
                            167.03908876,
                            -46.20312146
                        ],
                        [
                            167.03896376,
                            -46.20407507
                        ],
                        [
                            167.0396223,
                            -46.20492098
                        ],
                        [
                            167.04028085,
                            -46.20576689
                        ],
                        [
                            167.04093943,
                            -46.2066128
                        ],
                        [
                            167.04159802,
                            -46.2074587
                        ],
                        [
                            167.0403797,
                            -46.20781153
                        ],
                        [
                            167.03916137,
                            -46.20816434
                        ],
                        [
                            167.03794302,
                            -46.20851714
                        ],
                        [
                            167.03672465,
                            -46.20886993
                        ],
                        [
                            167.03490764,
                            -46.20888063
                        ],
                        [
                            167.03309064,
                            -46.2088913
                        ],
                        [
                            167.03346716,
                            -46.20794257
                        ],
                        [
                            167.03384367,
                            -46.20699385
                        ],
                        [
                            167.03422016,
                            -46.20604513
                        ],
                        [
                            167.03459664,
                            -46.2050964
                        ],
                        [
                            167.03380034,
                            -46.20403753
                        ],
                        [
                            167.03300408,
                            -46.20297866
                        ],
                        [
                            167.03220784,
                            -46.20191979
                        ],
                        [
                            167.03122805,
                            -46.20258945
                        ],
                        [
                            167.03024823,
                            -46.2032591
                        ],
                        [
                            167.02926839,
                            -46.20392874
                        ],
                        [
                            167.02828853,
                            -46.20459837
                        ],
                        [
                            167.02730864,
                            -46.205268
                        ],
                        [
                            167.02632873,
                            -46.20593761
                        ],
                        [
                            167.0253488,
                            -46.20660722
                        ],
                        [
                            167.02436884,
                            -46.20727682
                        ],
                        [
                            167.02338886,
                            -46.20794641
                        ],
                        [
                            167.02240885,
                            -46.20861599
                        ],
                        [
                            167.02152098,
                            -46.20929106
                        ],
                        [
                            167.0206331,
                            -46.20996611
                        ],
                        [
                            167.01974519,
                            -46.21064116
                        ],
                        [
                            167.01885726,
                            -46.2113162
                        ],
                        [
                            167.01796931,
                            -46.21199123
                        ],
                        [
                            167.01708133,
                            -46.21266626
                        ],
                        [
                            167.01619334,
                            -46.21334128
                        ],
                        [
                            167.01530532,
                            -46.21401629
                        ],
                        [
                            167.01598972,
                            -46.21482879
                        ],
                        [
                            167.01667415,
                            -46.21564128
                        ],
                        [
                            167.01735859,
                            -46.21645377
                        ],
                        [
                            167.01804306,
                            -46.21726625
                        ],
                        [
                            167.01872755,
                            -46.21807874
                        ],
                        [
                            167.01941205,
                            -46.21889121
                        ],
                        [
                            167.02009658,
                            -46.21970368
                        ],
                        [
                            167.02078112,
                            -46.22051615
                        ],
                        [
                            167.02146569,
                            -46.22132862
                        ],
                        [
                            167.02215027,
                            -46.22214108
                        ],
                        [
                            167.02144015,
                            -46.22290733
                        ],
                        [
                            167.02073,
                            -46.22367358
                        ],
                        [
                            167.02001984,
                            -46.22443983
                        ],
                        [
                            167.01930966,
                            -46.22520607
                        ],
                        [
                            167.01859946,
                            -46.22597231
                        ],
                        [
                            167.01788923,
                            -46.22673854
                        ],
                        [
                            167.017528,
                            -46.22587097
                        ],
                        [
                            167.01716677,
                            -46.22500339
                        ],
                        [
                            167.01680556,
                            -46.22413582
                        ],
                        [
                            167.01644436,
                            -46.22326824
                        ],
                        [
                            167.01608317,
                            -46.22240066
                        ],
                        [
                            167.01572199,
                            -46.22153308
                        ],
                        [
                            167.01536082,
                            -46.22066549
                        ],
                        [
                            167.01499966,
                            -46.21979791
                        ],
                        [
                            167.01463852,
                            -46.21893033
                        ],
                        [
                            167.01427738,
                            -46.21806274
                        ],
                        [
                            167.01341881,
                            -46.21729888
                        ],
                        [
                            167.01256025,
                            -46.21653502
                        ],
                        [
                            167.01170172,
                            -46.21577115
                        ],
                        [
                            167.01084321,
                            -46.21500727
                        ],
                        [
                            167.00998473,
                            -46.21424338
                        ],
                        [
                            167.01046498,
                            -46.213222
                        ],
                        [
                            167.01094521,
                            -46.21220061
                        ],
                        [
                            167.00958423,
                            -46.21227851
                        ],
                        [
                            167.00822325,
                            -46.21235639
                        ],
                        [
                            167.00686226,
                            -46.21243426
                        ],
                        [
                            167.00550126,
                            -46.21251211
                        ],
                        [
                            167.00414027,
                            -46.21258995
                        ],
                        [
                            167.00277926,
                            -46.21266776
                        ],
                        [
                            167.00141826,
                            -46.21274557
                        ],
                        [
                            167.00005725,
                            -46.21282335
                        ],
                        [
                            166.99869624,
                            -46.21290112
                        ],
                        [
                            166.99733522,
                            -46.21297888
                        ],
                        [
                            166.99597421,
                            -46.21305661
                        ],
                        [
                            166.99461318,
                            -46.21313433
                        ],
                        [
                            166.99597493,
                            -46.21227012
                        ],
                        [
                            166.99733664,
                            -46.21140589
                        ],
                        [
                            166.99638053,
                            -46.21060565
                        ],
                        [
                            166.99542445,
                            -46.20980541
                        ],
                        [
                            166.9944684,
                            -46.20900516
                        ],
                        [
                            166.9955355,
                            -46.2084198
                        ],
                        [
                            166.99660259,
                            -46.20783443
                        ],
                        [
                            166.99766965,
                            -46.20724906
                        ],
                        [
                            166.99873669,
                            -46.20666367
                        ],
                        [
                            166.9998037,
                            -46.20607827
                        ],
                        [
                            167.0008707,
                            -46.20549286
                        ],
                        [
                            167.00193767,
                            -46.20490744
                        ],
                        [
                            167.00220695,
                            -46.20382952
                        ],
                        [
                            167.00247621,
                            -46.2027516
                        ],
                        [
                            167.00274547,
                            -46.20167368
                        ],
                        [
                            167.00145176,
                            -46.2020228
                        ],
                        [
                            167.00015804,
                            -46.20237191
                        ],
                        [
                            166.9988643,
                            -46.202721
                        ],
                        [
                            166.99757054,
                            -46.20307007
                        ],
                        [
                            166.99627677,
                            -46.20341913
                        ],
                        [
                            166.99498298,
                            -46.20376818
                        ],
                        [
                            166.99368918,
                            -46.20411721
                        ],
                        [
                            166.99239536,
                            -46.20446623
                        ],
                        [
                            166.99110152,
                            -46.20481523
                        ],
                        [
                            166.98980767,
                            -46.20516422
                        ],
                        [
                            166.9885138,
                            -46.20551319
                        ],
                        [
                            166.98851468,
                            -46.20449073
                        ],
                        [
                            166.98851556,
                            -46.20346826
                        ],
                        [
                            166.98851644,
                            -46.2024458
                        ],
                        [
                            166.98851732,
                            -46.20142334
                        ],
                        [
                            166.9885182,
                            -46.20040087
                        ],
                        [
                            166.98745544,
                            -46.19968419
                        ],
                        [
                            166.9863927,
                            -46.19896749
                        ],
                        [
                            166.9849564,
                            -46.19899268
                        ],
                        [
                            166.98352009,
                            -46.19901785
                        ],
                        [
                            166.98208378,
                            -46.19904301
                        ],
                        [
                            166.98064748,
                            -46.19906815
                        ],
                        [
                            166.97921117,
                            -46.19909327
                        ],
                        [
                            166.97876555,
                            -46.19821359
                        ],
                        [
                            166.97831996,
                            -46.19733392
                        ],
                        [
                            166.97787437,
                            -46.19645424
                        ],
                        [
                            166.9774288,
                            -46.19557456
                        ],
                        [
                            166.97698324,
                            -46.19469488
                        ],
                        [
                            166.9765377,
                            -46.1938152
                        ],
                        [
                            166.97609217,
                            -46.19293551
                        ],
                        [
                            166.97564666,
                            -46.19205582
                        ],
                        [
                            166.97572266,
                            -46.19107845
                        ],
                        [
                            166.97579865,
                            -46.19010107
                        ],
                        [
                            166.97587465,
                            -46.18912369
                        ],
                        [
                            166.97595064,
                            -46.18814632
                        ],
                        [
                            166.97602662,
                            -46.18716894
                        ],
                        [
                            166.97485739,
                            -46.18674131
                        ],
                        [
                            166.97368818,
                            -46.18631366
                        ],
                        [
                            166.97251899,
                            -46.18588601
                        ],
                        [
                            166.97134981,
                            -46.18545834
                        ],
                        [
                            166.96953915,
                            -46.18591289
                        ],
                        [
                            166.96772846,
                            -46.18636742
                        ],
                        [
                            166.96794551,
                            -46.18754051
                        ],
                        [
                            166.96816257,
                            -46.18871359
                        ],
                        [
                            166.96836869,
                            -46.18972003
                        ],
                        [
                            166.96857481,
                            -46.19072646
                        ],
                        [
                            166.96878094,
                            -46.19173289
                        ],
                        [
                            166.96898708,
                            -46.19273932
                        ],
                        [
                            166.96919323,
                            -46.19374575
                        ],
                        [
                            166.97010409,
                            -46.19457037
                        ],
                        [
                            166.97101497,
                            -46.19539498
                        ],
                        [
                            166.97192589,
                            -46.19621958
                        ],
                        [
                            166.97283683,
                            -46.19704418
                        ],
                        [
                            166.9737478,
                            -46.19786877
                        ],
                        [
                            166.97390352,
                            -46.19885974
                        ],
                        [
                            166.97405924,
                            -46.19985071
                        ],
                        [
                            166.97421497,
                            -46.20084168
                        ],
                        [
                            166.97500785,
                            -46.2016437
                        ],
                        [
                            166.97580074,
                            -46.2024457
                        ],
                        [
                            166.97659366,
                            -46.20324771
                        ],
                        [
                            166.9773866,
                            -46.2040497
                        ],
                        [
                            166.97817957,
                            -46.2048517
                        ],
                        [
                            166.97897255,
                            -46.20565368
                        ],
                        [
                            166.97976556,
                            -46.20645566
                        ],
                        [
                            166.9805586,
                            -46.20725764
                        ],
                        [
                            166.97960604,
                            -46.20790197
                        ],
                        [
                            166.97865346,
                            -46.20854629
                        ],
                        [
                            166.97770086,
                            -46.2091906
                        ],
                        [
                            166.97674823,
                            -46.2098349
                        ],
                        [
                            166.97579559,
                            -46.2104792
                        ],
                        [
                            166.97484292,
                            -46.21112348
                        ],
                        [
                            166.97389023,
                            -46.21176776
                        ],
                        [
                            166.97293751,
                            -46.21241203
                        ],
                        [
                            166.97198478,
                            -46.21305629
                        ],
                        [
                            166.97068038,
                            -46.2132738
                        ],
                        [
                            166.96937598,
                            -46.21349129
                        ],
                        [
                            166.96807156,
                            -46.21370877
                        ],
                        [
                            166.96676714,
                            -46.21392623
                        ],
                        [
                            166.9654627,
                            -46.21414368
                        ],
                        [
                            166.96415826,
                            -46.21436112
                        ],
                        [
                            166.9628538,
                            -46.21457854
                        ],
                        [
                            166.96154933,
                            -46.21479594
                        ],
                        [
                            166.96121452,
                            -46.21576939
                        ],
                        [
                            166.96087969,
                            -46.21674283
                        ],
                        [
                            166.96054485,
                            -46.21771628
                        ],
                        [
                            166.96020999,
                            -46.21868972
                        ],
                        [
                            166.95987513,
                            -46.21966316
                        ],
                        [
                            166.95858785,
                            -46.2195546
                        ],
                        [
                            166.95730059,
                            -46.21944602
                        ],
                        [
                            166.95601333,
                            -46.21933742
                        ],
                        [
                            166.95472607,
                            -46.21922882
                        ],
                        [
                            166.95343882,
                            -46.21912019
                        ],
                        [
                            166.95215157,
                            -46.21901156
                        ],
                        [
                            166.95086433,
                            -46.21890291
                        ],
                        [
                            166.9495771,
                            -46.21879424
                        ],
                        [
                            166.94828987,
                            -46.21868556
                        ],
                        [
                            166.94700264,
                            -46.21857687
                        ],
                        [
                            166.94571542,
                            -46.21846816
                        ],
                        [
                            166.94442821,
                            -46.21835944
                        ],
                        [
                            166.943141,
                            -46.2182507
                        ],
                        [
                            166.9418538,
                            -46.21814195
                        ],
                        [
                            166.9405666,
                            -46.21803318
                        ],
                        [
                            166.93927941,
                            -46.2179244
                        ],
                        [
                            166.93843685,
                            -46.21873926
                        ],
                        [
                            166.93759427,
                            -46.21955412
                        ],
                        [
                            166.93675166,
                            -46.22036897
                        ],
                        [
                            166.93665619,
                            -46.22126689
                        ],
                        [
                            166.93656072,
                            -46.22216481
                        ],
                        [
                            166.93646525,
                            -46.22306272
                        ],
                        [
                            166.93636977,
                            -46.22396064
                        ],
                        [
                            166.93627429,
                            -46.22485856
                        ],
                        [
                            166.9361788,
                            -46.22575648
                        ],
                        [
                            166.93608331,
                            -46.22665439
                        ],
                        [
                            166.93598782,
                            -46.22755231
                        ],
                        [
                            166.93589233,
                            -46.22845023
                        ],
                        [
                            166.93579683,
                            -46.22934814
                        ],
                        [
                            166.93570133,
                            -46.23024606
                        ],
                        [
                            166.93560583,
                            -46.23114397
                        ],
                        [
                            166.93551032,
                            -46.23204189
                        ],
                        [
                            166.93541481,
                            -46.2329398
                        ],
                        [
                            166.93531929,
                            -46.23383772
                        ],
                        [
                            166.93522377,
                            -46.23473563
                        ],
                        [
                            166.93512825,
                            -46.23563354
                        ],
                        [
                            166.93503273,
                            -46.23653146
                        ],
                        [
                            166.9349372,
                            -46.23742937
                        ],
                        [
                            166.93484167,
                            -46.23832728
                        ],
                        [
                            166.93474614,
                            -46.2392252
                        ],
                        [
                            166.9346506,
                            -46.24012311
                        ],
                        [
                            166.93455506,
                            -46.24102102
                        ],
                        [
                            166.93445951,
                            -46.24191893
                        ],
                        [
                            166.93436396,
                            -46.24281684
                        ],
                        [
                            166.93426841,
                            -46.24371476
                        ],
                        [
                            166.93417286,
                            -46.24461267
                        ],
                        [
                            166.9340773,
                            -46.24551058
                        ],
                        [
                            166.93398174,
                            -46.24640849
                        ],
                        [
                            166.93388617,
                            -46.2473064
                        ],
                        [
                            166.93379061,
                            -46.24820431
                        ],
                        [
                            166.93369504,
                            -46.24910222
                        ],
                        [
                            166.93359946,
                            -46.25000012
                        ],
                        [
                            166.93350388,
                            -46.25089803
                        ],
                        [
                            166.9334083,
                            -46.25179594
                        ],
                        [
                            166.93331272,
                            -46.25269385
                        ],
                        [
                            166.93321713,
                            -46.25359176
                        ],
                        [
                            166.93312154,
                            -46.25448966
                        ],
                        [
                            166.93302594,
                            -46.25538757
                        ],
                        [
                            166.93293035,
                            -46.25628548
                        ],
                        [
                            166.93283475,
                            -46.25718339
                        ],
                        [
                            166.93273914,
                            -46.25808129
                        ],
                        [
                            166.93264353,
                            -46.2589792
                        ],
                        [
                            166.93254792,
                            -46.2598771
                        ],
                        [
                            166.93245231,
                            -46.26077501
                        ],
                        [
                            166.93235669,
                            -46.26167291
                        ],
                        [
                            166.93226107,
                            -46.26257082
                        ],
                        [
                            166.93216544,
                            -46.26346872
                        ],
                        [
                            166.93206982,
                            -46.26436663
                        ],
                        [
                            166.93197418,
                            -46.26526453
                        ],
                        [
                            166.93187855,
                            -46.26616243
                        ],
                        [
                            166.93178291,
                            -46.26706034
                        ],
                        [
                            166.93168727,
                            -46.26795824
                        ],
                        [
                            166.93159163,
                            -46.26885614
                        ],
                        [
                            166.93149598,
                            -46.26975405
                        ],
                        [
                            166.93140033,
                            -46.27065195
                        ],
                        [
                            166.93130467,
                            -46.27154985
                        ],
                        [
                            166.93120901,
                            -46.27244775
                        ],
                        [
                            166.93111335,
                            -46.27334565
                        ],
                        [
                            166.93101769,
                            -46.27424355
                        ],
                        [
                            166.93092202,
                            -46.27514145
                        ],
                        [
                            166.93082635,
                            -46.27603935
                        ],
                        [
                            166.93073067,
                            -46.27693725
                        ],
                        [
                            166.930635,
                            -46.27783515
                        ],
                        [
                            166.93053932,
                            -46.27873305
                        ],
                        [
                            166.93044363,
                            -46.27963095
                        ],
                        [
                            166.93034794,
                            -46.28052885
                        ],
                        [
                            166.93025225,
                            -46.28142675
                        ],
                        [
                            166.93015656,
                            -46.28232465
                        ],
                        [
                            166.93006086,
                            -46.28322254
                        ],
                        [
                            166.92996516,
                            -46.28412044
                        ],
                        [
                            166.92986945,
                            -46.28501834
                        ],
                        [
                            166.92977374,
                            -46.28591623
                        ],
                        [
                            166.92967803,
                            -46.28681413
                        ],
                        [
                            166.92958232,
                            -46.28771203
                        ],
                        [
                            166.9294866,
                            -46.28860992
                        ],
                        [
                            166.92939088,
                            -46.28950782
                        ],
                        [
                            166.92929515,
                            -46.29040571
                        ],
                        [
                            166.92919943,
                            -46.29130361
                        ],
                        [
                            166.92910369,
                            -46.2922015
                        ],
                        [
                            166.92900796,
                            -46.2930994
                        ],
                        [
                            166.92891222,
                            -46.29399729
                        ],
                        [
                            166.92881648,
                            -46.29489519
                        ],
                        [
                            166.92872073,
                            -46.29579308
                        ],
                        [
                            166.92862498,
                            -46.29669097
                        ],
                        [
                            166.92852923,
                            -46.29758887
                        ],
                        [
                            166.92843348,
                            -46.29848676
                        ],
                        [
                            166.92833772,
                            -46.29938465
                        ],
                        [
                            166.92824196,
                            -46.30028254
                        ],
                        [
                            166.9281462,
                            -46.30118043
                        ],
                        [
                            166.92805043,
                            -46.30207832
                        ],
                        [
                            166.92795466,
                            -46.30297621
                        ],
                        [
                            166.92785889,
                            -46.3038741
                        ],
                        [
                            166.92776311,
                            -46.30477199
                        ],
                        [
                            166.92766733,
                            -46.30566988
                        ],
                        [
                            166.92757154,
                            -46.30656776
                        ],
                        [
                            166.92747576,
                            -46.30746565
                        ],
                        [
                            166.92737997,
                            -46.30836354
                        ],
                        [
                            166.92728417,
                            -46.30926143
                        ],
                        [
                            166.92718838,
                            -46.31015932
                        ],
                        [
                            166.92709257,
                            -46.3110572
                        ],
                        [
                            166.92699677,
                            -46.31195509
                        ],
                        [
                            166.92690096,
                            -46.31285298
                        ],
                        [
                            166.92680515,
                            -46.31375086
                        ],
                        [
                            166.92670934,
                            -46.31464875
                        ],
                        [
                            166.92661352,
                            -46.31554663
                        ],
                        [
                            166.9265177,
                            -46.31644452
                        ],
                        [
                            166.92642188,
                            -46.3173424
                        ],
                        [
                            166.92632605,
                            -46.31824029
                        ],
                        [
                            166.92623022,
                            -46.31913817
                        ],
                        [
                            166.92613438,
                            -46.32003606
                        ],
                        [
                            166.92603855,
                            -46.32093394
                        ],
                        [
                            166.9259427,
                            -46.32183182
                        ],
                        [
                            166.92584686,
                            -46.32272971
                        ],
                        [
                            166.92575101,
                            -46.32362759
                        ],
                        [
                            166.92565516,
                            -46.32452547
                        ],
                        [
                            166.92555931,
                            -46.32542335
                        ],
                        [
                            166.92546345,
                            -46.32632124
                        ],
                        [
                            166.92536759,
                            -46.32721912
                        ],
                        [
                            166.92527172,
                            -46.328117
                        ],
                        [
                            166.92517586,
                            -46.32901488
                        ],
                        [
                            166.92507999,
                            -46.32991276
                        ],
                        [
                            166.92498411,
                            -46.33081064
                        ],
                        [
                            166.92488823,
                            -46.33170852
                        ],
                        [
                            166.92479235,
                            -46.3326064
                        ],
                        [
                            166.92469647,
                            -46.33350428
                        ],
                        [
                            166.92460058,
                            -46.33440216
                        ],
                        [
                            166.92450469,
                            -46.33530004
                        ],
                        [
                            166.92440879,
                            -46.33619791
                        ],
                        [
                            166.9243129,
                            -46.33709579
                        ],
                        [
                            166.92421699,
                            -46.33799367
                        ],
                        [
                            166.92412109,
                            -46.33889155
                        ],
                        [
                            166.92402518,
                            -46.33978942
                        ],
                        [
                            166.92392927,
                            -46.3406873
                        ],
                        [
                            166.92383335,
                            -46.34158518
                        ],
                        [
                            166.92373744,
                            -46.34248305
                        ],
                        [
                            166.92364152,
                            -46.34338093
                        ],
                        [
                            166.92354559,
                            -46.3442788
                        ],
                        [
                            166.92344966,
                            -46.34517668
                        ],
                        [
                            166.92335373,
                            -46.34607455
                        ],
                        [
                            166.9232578,
                            -46.34697243
                        ],
                        [
                            166.92316186,
                            -46.3478703
                        ],
                        [
                            166.92306591,
                            -46.34876818
                        ],
                        [
                            166.92296997,
                            -46.34966605
                        ],
                        [
                            166.92287402,
                            -46.35056392
                        ],
                        [
                            166.92277807,
                            -46.3514618
                        ],
                        [
                            166.92268211,
                            -46.35235967
                        ],
                        [
                            166.92258615,
                            -46.35325754
                        ],
                        [
                            166.92249019,
                            -46.35415541
                        ],
                        [
                            166.92239423,
                            -46.35505329
                        ],
                        [
                            166.92229826,
                            -46.35595116
                        ],
                        [
                            166.92220229,
                            -46.35684903
                        ],
                        [
                            166.92210631,
                            -46.3577469
                        ],
                        [
                            166.92201033,
                            -46.35864477
                        ],
                        [
                            166.92191435,
                            -46.35954264
                        ],
                        [
                            166.92181836,
                            -46.36044051
                        ],
                        [
                            166.92172238,
                            -46.36133838
                        ],
                        [
                            166.92162638,
                            -46.36223625
                        ],
                        [
                            166.92153039,
                            -46.36313412
                        ],
                        [
                            166.92143439,
                            -46.36403199
                        ],
                        [
                            166.92133839,
                            -46.36492986
                        ],
                        [
                            166.92124238,
                            -46.36582772
                        ],
                        [
                            166.92114637,
                            -46.36672559
                        ],
                        [
                            166.92105036,
                            -46.36762346
                        ],
                        [
                            166.92095434,
                            -46.36852133
                        ],
                        [
                            166.92085832,
                            -46.36941919
                        ],
                        [
                            166.9207623,
                            -46.37031706
                        ],
                        [
                            166.92066627,
                            -46.37121493
                        ],
                        [
                            166.92057024,
                            -46.37211279
                        ],
                        [
                            166.92047421,
                            -46.37301066
                        ],
                        [
                            166.92037817,
                            -46.37390852
                        ],
                        [
                            166.92028214,
                            -46.37480639
                        ],
                        [
                            166.92018609,
                            -46.37570425
                        ],
                        [
                            166.92009005,
                            -46.37660212
                        ],
                        [
                            166.919994,
                            -46.37749998
                        ],
                        [
                            166.91989794,
                            -46.37839784
                        ],
                        [
                            166.91980189,
                            -46.37929571
                        ],
                        [
                            166.91970583,
                            -46.38019357
                        ],
                        [
                            166.91960976,
                            -46.38109143
                        ],
                        [
                            166.9195137,
                            -46.3819893
                        ],
                        [
                            166.91941763,
                            -46.38288716
                        ],
                        [
                            166.91932155,
                            -46.38378502
                        ],
                        [
                            166.91922548,
                            -46.38468288
                        ],
                        [
                            166.9191294,
                            -46.38558074
                        ],
                        [
                            166.91903331,
                            -46.3864786
                        ],
                        [
                            166.92033098,
                            -46.38654564
                        ],
                        [
                            166.92162865,
                            -46.38661267
                        ],
                        [
                            166.92292633,
                            -46.38667969
                        ],
                        [
                            166.92422401,
                            -46.38674668
                        ],
                        [
                            166.92552169,
                            -46.38681367
                        ],
                        [
                            166.92681938,
                            -46.38688064
                        ],
                        [
                            166.92811706,
                            -46.38694759
                        ],
                        [
                            166.92941476,
                            -46.38701453
                        ],
                        [
                            166.93071245,
                            -46.38708146
                        ],
                        [
                            166.93201015,
                            -46.38714837
                        ],
                        [
                            166.93330785,
                            -46.38721526
                        ],
                        [
                            166.93460556,
                            -46.38728214
                        ],
                        [
                            166.93590327,
                            -46.38734901
                        ],
                        [
                            166.93720098,
                            -46.38741586
                        ],
                        [
                            166.9384987,
                            -46.3874827
                        ],
                        [
                            166.93979642,
                            -46.38754952
                        ],
                        [
                            166.94109414,
                            -46.38761633
                        ],
                        [
                            166.94239187,
                            -46.38768313
                        ],
                        [
                            166.94368959,
                            -46.3877499
                        ],
                        [
                            166.94498733,
                            -46.38781667
                        ],
                        [
                            166.94628506,
                            -46.38788342
                        ],
                        [
                            166.9475828,
                            -46.38795015
                        ],
                        [
                            166.94888055,
                            -46.38801687
                        ],
                        [
                            166.95017829,
                            -46.38808358
                        ],
                        [
                            166.95147604,
                            -46.38815027
                        ],
                        [
                            166.9527738,
                            -46.38821695
                        ],
                        [
                            166.95407155,
                            -46.38828361
                        ],
                        [
                            166.95536931,
                            -46.38835026
                        ],
                        [
                            166.95666708,
                            -46.38841689
                        ],
                        [
                            166.95796484,
                            -46.38848351
                        ],
                        [
                            166.95926261,
                            -46.38855011
                        ],
                        [
                            166.96056039,
                            -46.3886167
                        ],
                        [
                            166.96185816,
                            -46.38868327
                        ],
                        [
                            166.96315594,
                            -46.38874983
                        ],
                        [
                            166.96445373,
                            -46.38881638
                        ],
                        [
                            166.96575152,
                            -46.38888291
                        ],
                        [
                            166.96704931,
                            -46.38894942
                        ],
                        [
                            166.9683471,
                            -46.38901592
                        ],
                        [
                            166.9696449,
                            -46.38908241
                        ],
                        [
                            166.9709427,
                            -46.38914888
                        ],
                        [
                            166.9722405,
                            -46.38921534
                        ],
                        [
                            166.97353831,
                            -46.38928178
                        ],
                        [
                            166.97483612,
                            -46.38934821
                        ],
                        [
                            166.97613393,
                            -46.38941462
                        ],
                        [
                            166.97743175,
                            -46.38948102
                        ],
                        [
                            166.97872957,
                            -46.3895474
                        ],
                        [
                            166.9800274,
                            -46.38961377
                        ],
                        [
                            166.98132522,
                            -46.38968013
                        ],
                        [
                            166.98262306,
                            -46.38974646
                        ],
                        [
                            166.98392089,
                            -46.38981279
                        ],
                        [
                            166.98521873,
                            -46.3898791
                        ],
                        [
                            166.98651657,
                            -46.3899454
                        ],
                        [
                            166.98781441,
                            -46.39001168
                        ],
                        [
                            166.98911226,
                            -46.39007794
                        ],
                        [
                            166.99041011,
                            -46.3901442
                        ],
                        [
                            166.99170797,
                            -46.39021043
                        ],
                        [
                            166.99300582,
                            -46.39027666
                        ],
                        [
                            166.99430368,
                            -46.39034286
                        ],
                        [
                            166.99560155,
                            -46.39040906
                        ],
                        [
                            166.99689942,
                            -46.39047524
                        ],
                        [
                            166.99819729,
                            -46.3905414
                        ],
                        [
                            166.99949516,
                            -46.39060755
                        ],
                        [
                            167.00079304,
                            -46.39067368
                        ],
                        [
                            167.00209092,
                            -46.3907398
                        ],
                        [
                            167.00338881,
                            -46.39080591
                        ],
                        [
                            167.00468669,
                            -46.390872
                        ],
                        [
                            167.00598458,
                            -46.39093807
                        ],
                        [
                            167.00728248,
                            -46.39100414
                        ],
                        [
                            167.00858038,
                            -46.39107018
                        ],
                        [
                            167.00987828,
                            -46.39113621
                        ],
                        [
                            167.01117618,
                            -46.39120223
                        ],
                        [
                            167.01247409,
                            -46.39126823
                        ],
                        [
                            167.013772,
                            -46.39133422
                        ],
                        [
                            167.01506992,
                            -46.3914002
                        ],
                        [
                            167.01636784,
                            -46.39146615
                        ],
                        [
                            167.01766576,
                            -46.3915321
                        ],
                        [
                            167.01896368,
                            -46.39159803
                        ],
                        [
                            167.02026161,
                            -46.39166394
                        ],
                        [
                            167.02155954,
                            -46.39172984
                        ],
                        [
                            167.02285748,
                            -46.39179573
                        ],
                        [
                            167.02415542,
                            -46.3918616
                        ],
                        [
                            167.02545336,
                            -46.39192746
                        ],
                        [
                            167.0267513,
                            -46.3919933
                        ],
                        [
                            167.02804925,
                            -46.39205912
                        ],
                        [
                            167.0293472,
                            -46.39212494
                        ],
                        [
                            167.03064516,
                            -46.39219073
                        ],
                        [
                            167.03194311,
                            -46.39225652
                        ],
                        [
                            167.03324108,
                            -46.39232228
                        ],
                        [
                            167.03453904,
                            -46.39238804
                        ],
                        [
                            167.03583701,
                            -46.39245378
                        ],
                        [
                            167.03713498,
                            -46.3925195
                        ],
                        [
                            167.03843295,
                            -46.39258521
                        ],
                        [
                            167.03973093,
                            -46.39265091
                        ],
                        [
                            167.04102891,
                            -46.39271659
                        ],
                        [
                            167.0423269,
                            -46.39278225
                        ],
                        [
                            167.04362489,
                            -46.3928479
                        ],
                        [
                            167.04492288,
                            -46.39291354
                        ],
                        [
                            167.04622087,
                            -46.39297916
                        ],
                        [
                            167.04751887,
                            -46.39304477
                        ],
                        [
                            167.04881687,
                            -46.39311036
                        ],
                        [
                            167.05011488,
                            -46.39317594
                        ],
                        [
                            167.05141288,
                            -46.3932415
                        ],
                        [
                            167.05271089,
                            -46.39330705
                        ],
                        [
                            167.05400891,
                            -46.39337259
                        ],
                        [
                            167.05530693,
                            -46.39343811
                        ],
                        [
                            167.05660495,
                            -46.39350361
                        ],
                        [
                            167.05790297,
                            -46.3935691
                        ],
                        [
                            167.059201,
                            -46.39363458
                        ],
                        [
                            167.06049903,
                            -46.39370004
                        ],
                        [
                            167.06179707,
                            -46.39376548
                        ],
                        [
                            167.0630951,
                            -46.39383091
                        ],
                        [
                            167.06439314,
                            -46.39389633
                        ],
                        [
                            167.06569119,
                            -46.39396173
                        ],
                        [
                            167.06698924,
                            -46.39402712
                        ],
                        [
                            167.06828729,
                            -46.39409249
                        ],
                        [
                            167.06958534,
                            -46.39415785
                        ],
                        [
                            167.0708834,
                            -46.39422319
                        ],
                        [
                            167.07218146,
                            -46.39428852
                        ],
                        [
                            167.07347952,
                            -46.39435384
                        ],
                        [
                            167.07477759,
                            -46.39441914
                        ],
                        [
                            167.07607566,
                            -46.39448442
                        ],
                        [
                            167.07737374,
                            -46.39454969
                        ],
                        [
                            167.07867181,
                            -46.39461495
                        ],
                        [
                            167.0799699,
                            -46.39468019
                        ],
                        [
                            167.08126798,
                            -46.39474542
                        ],
                        [
                            167.08256607,
                            -46.39481063
                        ],
                        [
                            167.08386416,
                            -46.39487582
                        ],
                        [
                            167.08516225,
                            -46.39494101
                        ],
                        [
                            167.08646035,
                            -46.39500617
                        ],
                        [
                            167.08775845,
                            -46.39507133
                        ],
                        [
                            167.08905655,
                            -46.39513647
                        ],
                        [
                            167.09035466,
                            -46.39520159
                        ],
                        [
                            167.09165277,
                            -46.3952667
                        ],
                        [
                            167.09295088,
                            -46.39533179
                        ],
                        [
                            167.094249,
                            -46.39539687
                        ],
                        [
                            167.09554712,
                            -46.39546194
                        ],
                        [
                            167.09684524,
                            -46.39552699
                        ],
                        [
                            167.09814337,
                            -46.39559202
                        ],
                        [
                            167.0994415,
                            -46.39565704
                        ],
                        [
                            167.10073963,
                            -46.39572205
                        ],
                        [
                            167.10203777,
                            -46.39578704
                        ],
                        [
                            167.10333591,
                            -46.39585202
                        ],
                        [
                            167.10463405,
                            -46.39591699
                        ],
                        [
                            167.1059322,
                            -46.39598193
                        ],
                        [
                            167.10723035,
                            -46.39604687
                        ],
                        [
                            167.1085285,
                            -46.39611179
                        ],
                        [
                            167.10982666,
                            -46.39617669
                        ],
                        [
                            167.11112482,
                            -46.39624158
                        ],
                        [
                            167.11242298,
                            -46.39630646
                        ],
                        [
                            167.11372114,
                            -46.39637132
                        ],
                        [
                            167.11501931,
                            -46.39643616
                        ],
                        [
                            167.11631749,
                            -46.396501
                        ],
                        [
                            167.11761566,
                            -46.39656581
                        ],
                        [
                            167.11891384,
                            -46.39663061
                        ],
                        [
                            167.12021202,
                            -46.3966954
                        ],
                        [
                            167.12151021,
                            -46.39676017
                        ],
                        [
                            167.1228084,
                            -46.39682493
                        ],
                        [
                            167.12410659,
                            -46.39688967
                        ],
                        [
                            167.12540478,
                            -46.3969544
                        ],
                        [
                            167.12670298,
                            -46.39701912
                        ],
                        [
                            167.12800119,
                            -46.39708382
                        ],
                        [
                            167.12929939,
                            -46.3971485
                        ],
                        [
                            167.1305976,
                            -46.39721317
                        ],
                        [
                            167.13189581,
                            -46.39727783
                        ],
                        [
                            167.13319403,
                            -46.39734247
                        ],
                        [
                            167.13449224,
                            -46.39740709
                        ],
                        [
                            167.13579046,
                            -46.39747171
                        ],
                        [
                            167.13708869,
                            -46.3975363
                        ],
                        [
                            167.13838692,
                            -46.39760089
                        ],
                        [
                            167.13968515,
                            -46.39766545
                        ],
                        [
                            167.14098338,
                            -46.39773001
                        ],
                        [
                            167.14228162,
                            -46.39779454
                        ],
                        [
                            167.14357986,
                            -46.39785907
                        ],
                        [
                            167.14487811,
                            -46.39792358
                        ],
                        [
                            167.14617635,
                            -46.39798807
                        ],
                        [
                            167.1474746,
                            -46.39805255
                        ],
                        [
                            167.14877286,
                            -46.39811701
                        ],
                        [
                            167.15007111,
                            -46.39818147
                        ],
                        [
                            167.15136938,
                            -46.3982459
                        ],
                        [
                            167.15266764,
                            -46.39831032
                        ],
                        [
                            167.15396591,
                            -46.39837473
                        ],
                        [
                            167.15526418,
                            -46.39843912
                        ],
                        [
                            167.15656245,
                            -46.3985035
                        ],
                        [
                            167.15786073,
                            -46.39856786
                        ],
                        [
                            167.15915901,
                            -46.39863221
                        ],
                        [
                            167.16045729,
                            -46.39869654
                        ],
                        [
                            167.16175558,
                            -46.39876086
                        ],
                        [
                            167.16305387,
                            -46.39882516
                        ],
                        [
                            167.16435216,
                            -46.39888945
                        ],
                        [
                            167.16565045,
                            -46.39895373
                        ],
                        [
                            167.16694875,
                            -46.39901799
                        ],
                        [
                            167.16824706,
                            -46.39908223
                        ],
                        [
                            167.16954536,
                            -46.39914646
                        ],
                        [
                            167.17084367,
                            -46.39921068
                        ],
                        [
                            167.17214198,
                            -46.39927488
                        ],
                        [
                            167.1734403,
                            -46.39933906
                        ],
                        [
                            167.17473862,
                            -46.39940324
                        ],
                        [
                            167.17603694,
                            -46.39946739
                        ],
                        [
                            167.17733526,
                            -46.39953153
                        ],
                        [
                            167.17863359,
                            -46.39959566
                        ],
                        [
                            167.17993192,
                            -46.39965978
                        ],
                        [
                            167.18123026,
                            -46.39972387
                        ],
                        [
                            167.1825286,
                            -46.39978796
                        ],
                        [
                            167.18382694,
                            -46.39985203
                        ],
                        [
                            167.18512528,
                            -46.39991608
                        ],
                        [
                            167.18642363,
                            -46.39998012
                        ],
                        [
                            167.18772198,
                            -46.40004415
                        ],
                        [
                            167.18902034,
                            -46.40010816
                        ],
                        [
                            167.19031869,
                            -46.40017215
                        ],
                        [
                            167.19161705,
                            -46.40023613
                        ],
                        [
                            167.19291542,
                            -46.4003001
                        ],
                        [
                            167.19421378,
                            -46.40036405
                        ],
                        [
                            167.19551215,
                            -46.40042799
                        ],
                        [
                            167.19681053,
                            -46.40049191
                        ],
                        [
                            167.1981089,
                            -46.40055582
                        ],
                        [
                            167.19940728,
                            -46.40061971
                        ],
                        [
                            167.20070567,
                            -46.40068359
                        ],
                        [
                            167.20200405,
                            -46.40074746
                        ],
                        [
                            167.20330244,
                            -46.40081131
                        ],
                        [
                            167.20460084,
                            -46.40087514
                        ],
                        [
                            167.20589923,
                            -46.40093896
                        ],
                        [
                            167.20719763,
                            -46.40100277
                        ],
                        [
                            167.20849603,
                            -46.40106656
                        ],
                        [
                            167.20979444,
                            -46.40113033
                        ],
                        [
                            167.21109285,
                            -46.40119409
                        ],
                        [
                            167.21239126,
                            -46.40125784
                        ],
                        [
                            167.21368968,
                            -46.40132157
                        ],
                        [
                            167.21498809,
                            -46.40138529
                        ],
                        [
                            167.21628652,
                            -46.40144899
                        ],
                        [
                            167.21758494,
                            -46.40151268
                        ],
                        [
                            167.21888337,
                            -46.40157636
                        ],
                        [
                            167.2201818,
                            -46.40164002
                        ],
                        [
                            167.22148024,
                            -46.40170366
                        ],
                        [
                            167.22277867,
                            -46.40176729
                        ],
                        [
                            167.22407711,
                            -46.4018309
                        ],
                        [
                            167.22537556,
                            -46.40189451
                        ],
                        [
                            167.22667401,
                            -46.40195809
                        ],
                        [
                            167.22797246,
                            -46.40202166
                        ],
                        [
                            167.22927091,
                            -46.40208522
                        ],
                        [
                            167.23056937,
                            -46.40214876
                        ],
                        [
                            167.23186783,
                            -46.40221229
                        ],
                        [
                            167.23316629,
                            -46.4022758
                        ],
                        [
                            167.23446476,
                            -46.4023393
                        ],
                        [
                            167.23576323,
                            -46.40240278
                        ],
                        [
                            167.2370617,
                            -46.40246625
                        ],
                        [
                            167.23836017,
                            -46.4025297
                        ],
                        [
                            167.23965865,
                            -46.40259314
                        ],
                        [
                            167.24095714,
                            -46.40265656
                        ],
                        [
                            167.24225562,
                            -46.40271997
                        ],
                        [
                            167.24355411,
                            -46.40278337
                        ],
                        [
                            167.2448526,
                            -46.40284675
                        ],
                        [
                            167.2461511,
                            -46.40291012
                        ],
                        [
                            167.2474496,
                            -46.40297347
                        ],
                        [
                            167.2487481,
                            -46.4030368
                        ],
                        [
                            167.2500466,
                            -46.40310012
                        ],
                        [
                            167.25134511,
                            -46.40316343
                        ],
                        [
                            167.25264362,
                            -46.40322672
                        ],
                        [
                            167.25394214,
                            -46.40329
                        ],
                        [
                            167.25524065,
                            -46.40335327
                        ],
                        [
                            167.25653917,
                            -46.40341651
                        ],
                        [
                            167.2578377,
                            -46.40347975
                        ],
                        [
                            167.25913622,
                            -46.40354297
                        ],
                        [
                            167.26043475,
                            -46.40360617
                        ],
                        [
                            167.26173329,
                            -46.40366936
                        ],
                        [
                            167.26303182,
                            -46.40373253
                        ],
                        [
                            167.26433036,
                            -46.40379569
                        ],
                        [
                            167.26562891,
                            -46.40385884
                        ],
                        [
                            167.26692745,
                            -46.40392197
                        ],
                        [
                            167.268226,
                            -46.40398509
                        ],
                        [
                            167.26952455,
                            -46.40404819
                        ],
                        [
                            167.27082311,
                            -46.40411128
                        ],
                        [
                            167.27212167,
                            -46.40417435
                        ],
                        [
                            167.27342023,
                            -46.40423741
                        ],
                        [
                            167.27471879,
                            -46.40430045
                        ],
                        [
                            167.27601736,
                            -46.40436348
                        ],
                        [
                            167.27731593,
                            -46.40442649
                        ],
                        [
                            167.2786145,
                            -46.40448949
                        ],
                        [
                            167.27991308,
                            -46.40455247
                        ],
                        [
                            167.28121166,
                            -46.40461544
                        ],
                        [
                            167.28251025,
                            -46.4046784
                        ],
                        [
                            167.28380883,
                            -46.40474134
                        ],
                        [
                            167.28510742,
                            -46.40480427
                        ],
                        [
                            167.28640602,
                            -46.40486718
                        ],
                        [
                            167.28770461,
                            -46.40493007
                        ],
                        [
                            167.28900321,
                            -46.40499295
                        ],
                        [
                            167.29030181,
                            -46.40505582
                        ],
                        [
                            167.29160042,
                            -46.40511867
                        ],
                        [
                            167.29289903,
                            -46.40518151
                        ],
                        [
                            167.29419764,
                            -46.40524433
                        ],
                        [
                            167.29549626,
                            -46.40530714
                        ],
                        [
                            167.29679487,
                            -46.40536994
                        ],
                        [
                            167.2980935,
                            -46.40543271
                        ],
                        [
                            167.29939212,
                            -46.40549548
                        ],
                        [
                            167.30069075,
                            -46.40555823
                        ],
                        [
                            167.30198938,
                            -46.40562096
                        ],
                        [
                            167.30328801,
                            -46.40568368
                        ],
                        [
                            167.30458665,
                            -46.40574639
                        ],
                        [
                            167.30588529,
                            -46.40580908
                        ],
                        [
                            167.30718393,
                            -46.40587176
                        ],
                        [
                            167.30848258,
                            -46.40593442
                        ],
                        [
                            167.30978123,
                            -46.40599706
                        ],
                        [
                            167.31107988,
                            -46.4060597
                        ],
                        [
                            167.31237854,
                            -46.40612231
                        ],
                        [
                            167.3136772,
                            -46.40618492
                        ],
                        [
                            167.31497586,
                            -46.4062475
                        ],
                        [
                            167.31627453,
                            -46.40631008
                        ],
                        [
                            167.31757319,
                            -46.40637264
                        ],
                        [
                            167.31887187,
                            -46.40643518
                        ],
                        [
                            167.32017054,
                            -46.40649771
                        ],
                        [
                            167.32146922,
                            -46.40656022
                        ],
                        [
                            167.3227679,
                            -46.40662272
                        ],
                        [
                            167.32406658,
                            -46.40668521
                        ],
                        [
                            167.32536527,
                            -46.40674768
                        ],
                        [
                            167.32666396,
                            -46.40681014
                        ],
                        [
                            167.32796265,
                            -46.40687258
                        ],
                        [
                            167.32926135,
                            -46.406935
                        ],
                        [
                            167.33056005,
                            -46.40699742
                        ],
                        [
                            167.33185875,
                            -46.40705981
                        ],
                        [
                            167.33315746,
                            -46.4071222
                        ],
                        [
                            167.33445617,
                            -46.40718456
                        ],
                        [
                            167.33575488,
                            -46.40724692
                        ],
                        [
                            167.3370536,
                            -46.40730926
                        ],
                        [
                            167.33835231,
                            -46.40737158
                        ],
                        [
                            167.33965104,
                            -46.40743389
                        ],
                        [
                            167.34094976,
                            -46.40749618
                        ],
                        [
                            167.34224849,
                            -46.40755846
                        ],
                        [
                            167.34354722,
                            -46.40762073
                        ],
                        [
                            167.34484595,
                            -46.40768298
                        ],
                        [
                            167.34614469,
                            -46.40774522
                        ],
                        [
                            167.34744343,
                            -46.40780744
                        ],
                        [
                            167.34874217,
                            -46.40786964
                        ],
                        [
                            167.35004092,
                            -46.40793183
                        ],
                        [
                            167.35133967,
                            -46.40799401
                        ],
                        [
                            167.35263842,
                            -46.40805617
                        ],
                        [
                            167.35393718,
                            -46.40811832
                        ],
                        [
                            167.35523594,
                            -46.40818045
                        ],
                        [
                            167.3565347,
                            -46.40824257
                        ],
                        [
                            167.35783346,
                            -46.40830468
                        ],
                        [
                            167.35913223,
                            -46.40836677
                        ],
                        [
                            167.360431,
                            -46.40842884
                        ],
                        [
                            167.36172978,
                            -46.4084909
                        ],
                        [
                            167.36302855,
                            -46.40855295
                        ],
                        [
                            167.36432733,
                            -46.40861498
                        ],
                        [
                            167.36562612,
                            -46.40867699
                        ],
                        [
                            167.3669249,
                            -46.40873899
                        ],
                        [
                            167.36822369,
                            -46.40880098
                        ],
                        [
                            167.36952249,
                            -46.40886295
                        ],
                        [
                            167.37082128,
                            -46.40892491
                        ],
                        [
                            167.37212008,
                            -46.40898685
                        ],
                        [
                            167.37341888,
                            -46.40904878
                        ],
                        [
                            167.37471769,
                            -46.40911069
                        ],
                        [
                            167.3760165,
                            -46.40917259
                        ],
                        [
                            167.37731531,
                            -46.40923447
                        ],
                        [
                            167.37861412,
                            -46.40929634
                        ],
                        [
                            167.37991294,
                            -46.4093582
                        ],
                        [
                            167.38121176,
                            -46.40942004
                        ],
                        [
                            167.38251058,
                            -46.40948186
                        ],
                        [
                            167.38380941,
                            -46.40954367
                        ],
                        [
                            167.38510824,
                            -46.40960547
                        ],
                        [
                            167.38640707,
                            -46.40966725
                        ],
                        [
                            167.38770591,
                            -46.40972901
                        ],
                        [
                            167.38900475,
                            -46.40979076
                        ],
                        [
                            167.39030359,
                            -46.4098525
                        ],
                        [
                            167.39160244,
                            -46.40991422
                        ],
                        [
                            167.39290128,
                            -46.40997593
                        ],
                        [
                            167.39420013,
                            -46.41003762
                        ],
                        [
                            167.39549899,
                            -46.4100993
                        ],
                        [
                            167.39679785,
                            -46.41016097
                        ],
                        [
                            167.39809671,
                            -46.41022261
                        ],
                        [
                            167.39939557,
                            -46.41028425
                        ],
                        [
                            167.40069444,
                            -46.41034587
                        ],
                        [
                            167.40199331,
                            -46.41040747
                        ],
                        [
                            167.40329218,
                            -46.41046906
                        ],
                        [
                            167.40459106,
                            -46.41053064
                        ],
                        [
                            167.40588994,
                            -46.4105922
                        ],
                        [
                            167.40718882,
                            -46.41065374
                        ],
                        [
                            167.4084877,
                            -46.41071528
                        ],
                        [
                            167.40978659,
                            -46.41077679
                        ],
                        [
                            167.41108548,
                            -46.41083829
                        ],
                        [
                            167.41238438,
                            -46.41089978
                        ],
                        [
                            167.41368327,
                            -46.41096125
                        ],
                        [
                            167.41498217,
                            -46.41102271
                        ],
                        [
                            167.41628108,
                            -46.41108416
                        ],
                        [
                            167.41757998,
                            -46.41114558
                        ],
                        [
                            167.41887889,
                            -46.411207
                        ],
                        [
                            167.42017781,
                            -46.4112684
                        ],
                        [
                            167.42147672,
                            -46.41132978
                        ],
                        [
                            167.42277564,
                            -46.41139115
                        ],
                        [
                            167.42407456,
                            -46.41145251
                        ],
                        [
                            167.42537349,
                            -46.41151385
                        ],
                        [
                            167.42667242,
                            -46.41157517
                        ],
                        [
                            167.42797135,
                            -46.41163648
                        ],
                        [
                            167.42927028,
                            -46.41169778
                        ],
                        [
                            167.43056922,
                            -46.41175906
                        ],
                        [
                            167.43186816,
                            -46.41182033
                        ],
                        [
                            167.4331671,
                            -46.41188158
                        ],
                        [
                            167.43446605,
                            -46.41194282
                        ],
                        [
                            167.435765,
                            -46.41200404
                        ],
                        [
                            167.43706395,
                            -46.41206525
                        ],
                        [
                            167.4383629,
                            -46.41212644
                        ],
                        [
                            167.43966186,
                            -46.41218762
                        ],
                        [
                            167.44096082,
                            -46.41224879
                        ],
                        [
                            167.44225979,
                            -46.41230994
                        ],
                        [
                            167.44355875,
                            -46.41237107
                        ],
                        [
                            167.44485772,
                            -46.41243219
                        ],
                        [
                            167.4461567,
                            -46.4124933
                        ],
                        [
                            167.44745568,
                            -46.41255439
                        ],
                        [
                            167.44875466,
                            -46.41261547
                        ],
                        [
                            167.45005364,
                            -46.41267653
                        ],
                        [
                            167.45135262,
                            -46.41273757
                        ],
                        [
                            167.45265161,
                            -46.41279861
                        ],
                        [
                            167.4539506,
                            -46.41285962
                        ],
                        [
                            167.4552496,
                            -46.41292063
                        ],
                        [
                            167.4565486,
                            -46.41298161
                        ],
                        [
                            167.4578476,
                            -46.41304259
                        ],
                        [
                            167.4591466,
                            -46.41310355
                        ],
                        [
                            167.46044561,
                            -46.41316449
                        ],
                        [
                            167.46174462,
                            -46.41322542
                        ],
                        [
                            167.46304363,
                            -46.41328634
                        ],
                        [
                            167.46434265,
                            -46.41334723
                        ],
                        [
                            167.46564166,
                            -46.41340812
                        ],
                        [
                            167.46694069,
                            -46.41346899
                        ],
                        [
                            167.46823971,
                            -46.41352985
                        ],
                        [
                            167.46953874,
                            -46.41359069
                        ],
                        [
                            167.47083777,
                            -46.41365151
                        ],
                        [
                            167.47213681,
                            -46.41371233
                        ],
                        [
                            167.47343584,
                            -46.41377312
                        ],
                        [
                            167.47473488,
                            -46.41383391
                        ],
                        [
                            167.47603392,
                            -46.41389467
                        ],
                        [
                            167.47733297,
                            -46.41395543
                        ],
                        [
                            167.47863202,
                            -46.41401617
                        ],
                        [
                            167.47993107,
                            -46.41407689
                        ],
                        [
                            167.48123013,
                            -46.4141376
                        ],
                        [
                            167.48252918,
                            -46.41419829
                        ],
                        [
                            167.48382825,
                            -46.41425897
                        ],
                        [
                            167.48512731,
                            -46.41431964
                        ],
                        [
                            167.48642638,
                            -46.41438029
                        ],
                        [
                            167.48772545,
                            -46.41444092
                        ],
                        [
                            167.48902452,
                            -46.41450154
                        ],
                        [
                            167.4903236,
                            -46.41456215
                        ],
                        [
                            167.49162268,
                            -46.41462274
                        ],
                        [
                            167.49292176,
                            -46.41468332
                        ],
                        [
                            167.49422084,
                            -46.41474388
                        ],
                        [
                            167.49551993,
                            -46.41480443
                        ],
                        [
                            167.49681902,
                            -46.41486496
                        ],
                        [
                            167.49811812,
                            -46.41492548
                        ],
                        [
                            167.49941721,
                            -46.41498598
                        ],
                        [
                            167.50071631,
                            -46.41504647
                        ],
                        [
                            167.50201542,
                            -46.41510695
                        ],
                        [
                            167.50331452,
                            -46.41516741
                        ],
                        [
                            167.50461363,
                            -46.41522785
                        ],
                        [
                            167.50591274,
                            -46.41528828
                        ],
                        [
                            167.50721186,
                            -46.41534869
                        ],
                        [
                            167.50851098,
                            -46.41540909
                        ],
                        [
                            167.5098101,
                            -46.41546948
                        ],
                        [
                            167.51110922,
                            -46.41552985
                        ],
                        [
                            167.51240835,
                            -46.41559021
                        ],
                        [
                            167.51370748,
                            -46.41565055
                        ],
                        [
                            167.51500661,
                            -46.41571088
                        ],
                        [
                            167.51630575,
                            -46.41577119
                        ],
                        [
                            167.51760489,
                            -46.41583149
                        ],
                        [
                            167.51890403,
                            -46.41589177
                        ],
                        [
                            167.52020318,
                            -46.41595204
                        ],
                        [
                            167.52150232,
                            -46.41601229
                        ],
                        [
                            167.52280147,
                            -46.41607253
                        ],
                        [
                            167.52410063,
                            -46.41613275
                        ],
                        [
                            167.52539979,
                            -46.41619296
                        ],
                        [
                            167.52669895,
                            -46.41625316
                        ],
                        [
                            167.52799811,
                            -46.41631334
                        ],
                        [
                            167.52929727,
                            -46.4163735
                        ],
                        [
                            167.53059644,
                            -46.41643365
                        ],
                        [
                            167.53189561,
                            -46.41649379
                        ],
                        [
                            167.53319479,
                            -46.41655391
                        ],
                        [
                            167.53449397,
                            -46.41661402
                        ],
                        [
                            167.53579315,
                            -46.41667411
                        ],
                        [
                            167.53709233,
                            -46.41673419
                        ],
                        [
                            167.53839152,
                            -46.41679425
                        ],
                        [
                            167.53969071,
                            -46.4168543
                        ],
                        [
                            167.5409899,
                            -46.41691433
                        ],
                        [
                            167.5422891,
                            -46.41697435
                        ],
                        [
                            167.54358829,
                            -46.41703435
                        ],
                        [
                            167.5448875,
                            -46.41709434
                        ],
                        [
                            167.5461867,
                            -46.41715432
                        ],
                        [
                            167.54748591,
                            -46.41721428
                        ],
                        [
                            167.54878512,
                            -46.41727422
                        ],
                        [
                            167.55008433,
                            -46.41733415
                        ],
                        [
                            167.55138355,
                            -46.41739407
                        ],
                        [
                            167.55268277,
                            -46.41745397
                        ],
                        [
                            167.55398199,
                            -46.41751385
                        ],
                        [
                            167.55528121,
                            -46.41757373
                        ],
                        [
                            167.55658044,
                            -46.41763358
                        ],
                        [
                            167.55787967,
                            -46.41769342
                        ],
                        [
                            167.55917891,
                            -46.41775325
                        ],
                        [
                            167.56047815,
                            -46.41781307
                        ],
                        [
                            167.56177738,
                            -46.41787286
                        ],
                        [
                            167.56307663,
                            -46.41793265
                        ],
                        [
                            167.56437587,
                            -46.41799242
                        ],
                        [
                            167.56567512,
                            -46.41805217
                        ],
                        [
                            167.56697437,
                            -46.41811191
                        ],
                        [
                            167.56827363,
                            -46.41817163
                        ],
                        [
                            167.56957289,
                            -46.41823134
                        ],
                        [
                            167.57087215,
                            -46.41829104
                        ],
                        [
                            167.57217141,
                            -46.41835072
                        ],
                        [
                            167.57347068,
                            -46.41841039
                        ],
                        [
                            167.57476995,
                            -46.41847004
                        ],
                        [
                            167.57606922,
                            -46.41852967
                        ],
                        [
                            167.57736849,
                            -46.4185893
                        ],
                        [
                            167.57866777,
                            -46.4186489
                        ],
                        [
                            167.57996705,
                            -46.41870849
                        ],
                        [
                            167.58126634,
                            -46.41876807
                        ],
                        [
                            167.58256562,
                            -46.41882764
                        ],
                        [
                            167.58386491,
                            -46.41888718
                        ],
                        [
                            167.58516421,
                            -46.41894672
                        ],
                        [
                            167.5864635,
                            -46.41900624
                        ],
                        [
                            167.5877628,
                            -46.41906574
                        ],
                        [
                            167.5890621,
                            -46.41912523
                        ],
                        [
                            167.59036141,
                            -46.41918471
                        ],
                        [
                            167.59166072,
                            -46.41924417
                        ],
                        [
                            167.59296003,
                            -46.41930361
                        ],
                        [
                            167.59425934,
                            -46.41936304
                        ],
                        [
                            167.59555865,
                            -46.41942246
                        ],
                        [
                            167.59685797,
                            -46.41948186
                        ],
                        [
                            167.5981573,
                            -46.41954125
                        ],
                        [
                            167.59945662,
                            -46.41960062
                        ],
                        [
                            167.60075595,
                            -46.41965998
                        ],
                        [
                            167.60205528,
                            -46.41971932
                        ],
                        [
                            167.60335462,
                            -46.41977865
                        ],
                        [
                            167.60465395,
                            -46.41983797
                        ],
                        [
                            167.60595329,
                            -46.41989727
                        ],
                        [
                            167.60725263,
                            -46.41995655
                        ],
                        [
                            167.60855198,
                            -46.42001582
                        ],
                        [
                            167.60985133,
                            -46.42007508
                        ],
                        [
                            167.61115068,
                            -46.42013432
                        ],
                        [
                            167.61245003,
                            -46.42019354
                        ],
                        [
                            167.61374939,
                            -46.42025276
                        ],
                        [
                            167.61504875,
                            -46.42031195
                        ],
                        [
                            167.61634812,
                            -46.42037114
                        ],
                        [
                            167.61764748,
                            -46.4204303
                        ],
                        [
                            167.61894685,
                            -46.42048946
                        ],
                        [
                            167.62024622,
                            -46.4205486
                        ],
                        [
                            167.6215456,
                            -46.42060772
                        ],
                        [
                            167.62284498,
                            -46.42066683
                        ],
                        [
                            167.62414436,
                            -46.42072592
                        ],
                        [
                            167.62544374,
                            -46.420785
                        ],
                        [
                            167.62674313,
                            -46.42084407
                        ],
                        [
                            167.62804251,
                            -46.42090312
                        ],
                        [
                            167.62934191,
                            -46.42096215
                        ],
                        [
                            167.6306413,
                            -46.42102117
                        ],
                        [
                            167.6319407,
                            -46.42108018
                        ],
                        [
                            167.6332401,
                            -46.42113917
                        ],
                        [
                            167.63453951,
                            -46.42119815
                        ],
                        [
                            167.63583891,
                            -46.42125711
                        ],
                        [
                            167.63713832,
                            -46.42131606
                        ],
                        [
                            167.63843773,
                            -46.42137499
                        ],
                        [
                            167.63973715,
                            -46.42143391
                        ],
                        [
                            167.64103657,
                            -46.42149281
                        ],
                        [
                            167.64233599,
                            -46.4215517
                        ],
                        [
                            167.64363541,
                            -46.42161057
                        ],
                        [
                            167.64493484,
                            -46.42166943
                        ],
                        [
                            167.64623427,
                            -46.42172828
                        ],
                        [
                            167.6475337,
                            -46.42178711
                        ],
                        [
                            167.64883314,
                            -46.42184592
                        ],
                        [
                            167.65013258,
                            -46.42190472
                        ],
                        [
                            167.65143202,
                            -46.42196351
                        ],
                        [
                            167.65273146,
                            -46.42202228
                        ],
                        [
                            167.65403091,
                            -46.42208103
                        ],
                        [
                            167.65533036,
                            -46.42213978
                        ],
                        [
                            167.65662981,
                            -46.4221985
                        ],
                        [
                            167.65792927,
                            -46.42225722
                        ],
                        [
                            167.65922873,
                            -46.42231591
                        ],
                        [
                            167.66052819,
                            -46.4223746
                        ],
                        [
                            167.66182765,
                            -46.42243326
                        ],
                        [
                            167.66312712,
                            -46.42249192
                        ],
                        [
                            167.66442659,
                            -46.42255056
                        ],
                        [
                            167.66572606,
                            -46.42260918
                        ],
                        [
                            167.66702554,
                            -46.42266779
                        ],
                        [
                            167.66832502,
                            -46.42272638
                        ],
                        [
                            167.6696245,
                            -46.42278496
                        ],
                        [
                            167.67092399,
                            -46.42284353
                        ],
                        [
                            167.67222347,
                            -46.42290208
                        ],
                        [
                            167.67352296,
                            -46.42296061
                        ],
                        [
                            167.67482246,
                            -46.42301914
                        ],
                        [
                            167.67612195,
                            -46.42307764
                        ],
                        [
                            167.67742145,
                            -46.42313613
                        ],
                        [
                            167.67872095,
                            -46.42319461
                        ],
                        [
                            167.67880728,
                            -46.42229187
                        ],
                        [
                            167.6788936,
                            -46.42138913
                        ],
                        [
                            167.67897991,
                            -46.42048639
                        ],
                        [
                            167.67906623,
                            -46.41958365
                        ],
                        [
                            167.67915254,
                            -46.4186809
                        ],
                        [
                            167.67923885,
                            -46.41777816
                        ],
                        [
                            167.67932515,
                            -46.41687542
                        ],
                        [
                            167.67941146,
                            -46.41597268
                        ],
                        [
                            167.67949776,
                            -46.41506993
                        ],
                        [
                            167.67958405,
                            -46.41416719
                        ],
                        [
                            167.67967035,
                            -46.41326444
                        ],
                        [
                            167.67975664,
                            -46.4123617
                        ],
                        [
                            167.67984292,
                            -46.41145896
                        ],
                        [
                            167.67992921,
                            -46.41055621
                        ],
                        [
                            167.68001549,
                            -46.40965347
                        ],
                        [
                            167.68010177,
                            -46.40875072
                        ],
                        [
                            167.68018805,
                            -46.40784798
                        ],
                        [
                            167.68027432,
                            -46.40694523
                        ],
                        [
                            167.68036059,
                            -46.40604248
                        ],
                        [
                            167.68044686,
                            -46.40513974
                        ],
                        [
                            167.68053312,
                            -46.40423699
                        ],
                        [
                            167.68061938,
                            -46.40333425
                        ],
                        [
                            167.68070564,
                            -46.4024315
                        ],
                        [
                            167.6807919,
                            -46.40152875
                        ],
                        [
                            167.68087815,
                            -46.400626
                        ],
                        [
                            167.6809644,
                            -46.39972325
                        ],
                        [
                            167.68105065,
                            -46.39882051
                        ],
                        [
                            167.68113689,
                            -46.39791776
                        ],
                        [
                            167.68122313,
                            -46.39701501
                        ],
                        [
                            167.68130937,
                            -46.39611226
                        ],
                        [
                            167.6813956,
                            -46.39520951
                        ],
                        [
                            167.68148183,
                            -46.39430676
                        ],
                        [
                            167.68156806,
                            -46.39340402
                        ],
                        [
                            167.68165429,
                            -46.39250127
                        ],
                        [
                            167.68174051,
                            -46.39159852
                        ],
                        [
                            167.68182673,
                            -46.39069577
                        ],
                        [
                            167.68191295,
                            -46.38979302
                        ],
                        [
                            167.68199916,
                            -46.38889026
                        ],
                        [
                            167.68208537,
                            -46.38798751
                        ],
                        [
                            167.68217158,
                            -46.38708476
                        ],
                        [
                            167.68225779,
                            -46.38618201
                        ],
                        [
                            167.68234399,
                            -46.38527926
                        ],
                        [
                            167.68243019,
                            -46.38437651
                        ],
                        [
                            167.68251638,
                            -46.38347376
                        ],
                        [
                            167.68260258,
                            -46.382571
                        ],
                        [
                            167.68268877,
                            -46.38166825
                        ],
                        [
                            167.68277496,
                            -46.3807655
                        ],
                        [
                            167.68286114,
                            -46.37986274
                        ],
                        [
                            167.68294732,
                            -46.37895999
                        ],
                        [
                            167.6830335,
                            -46.37805724
                        ],
                        [
                            167.68311968,
                            -46.37715448
                        ],
                        [
                            167.68320585,
                            -46.37625173
                        ],
                        [
                            167.68329202,
                            -46.37534897
                        ],
                        [
                            167.68337819,
                            -46.37444622
                        ],
                        [
                            167.68346435,
                            -46.37354346
                        ],
                        [
                            167.68355051,
                            -46.37264071
                        ],
                        [
                            167.68363667,
                            -46.37173795
                        ],
                        [
                            167.68372283,
                            -46.3708352
                        ],
                        [
                            167.68380898,
                            -46.36993244
                        ],
                        [
                            167.68389513,
                            -46.36902968
                        ],
                        [
                            167.68398128,
                            -46.36812693
                        ],
                        [
                            167.68406742,
                            -46.36722417
                        ],
                        [
                            167.68415356,
                            -46.36632141
                        ],
                        [
                            167.6842397,
                            -46.36541865
                        ],
                        [
                            167.68432583,
                            -46.3645159
                        ],
                        [
                            167.68441197,
                            -46.36361314
                        ],
                        [
                            167.68449809,
                            -46.36271038
                        ],
                        [
                            167.68458422,
                            -46.36180762
                        ],
                        [
                            167.68467034,
                            -46.36090486
                        ],
                        [
                            167.68475646,
                            -46.3600021
                        ],
                        [
                            167.68484258,
                            -46.35909934
                        ],
                        [
                            167.6849287,
                            -46.35819658
                        ],
                        [
                            167.68501481,
                            -46.35729382
                        ],
                        [
                            167.68510092,
                            -46.35639106
                        ],
                        [
                            167.68518702,
                            -46.3554883
                        ],
                        [
                            167.68527312,
                            -46.35458554
                        ],
                        [
                            167.68535922,
                            -46.35368278
                        ],
                        [
                            167.68544532,
                            -46.35278002
                        ],
                        [
                            167.68553142,
                            -46.35187725
                        ],
                        [
                            167.68561751,
                            -46.35097449
                        ],
                        [
                            167.6857036,
                            -46.35007173
                        ],
                        [
                            167.68578968,
                            -46.34916897
                        ],
                        [
                            167.68587576,
                            -46.34826621
                        ],
                        [
                            167.68596184,
                            -46.34736344
                        ],
                        [
                            167.68604792,
                            -46.34646068
                        ],
                        [
                            167.68613399,
                            -46.34555791
                        ],
                        [
                            167.68622006,
                            -46.34465515
                        ],
                        [
                            167.68630613,
                            -46.34375239
                        ],
                        [
                            167.6863922,
                            -46.34284962
                        ],
                        [
                            167.68647826,
                            -46.34194686
                        ],
                        [
                            167.68656432,
                            -46.34104409
                        ],
                        [
                            167.68665037,
                            -46.34014133
                        ],
                        [
                            167.68673643,
                            -46.33923856
                        ],
                        [
                            167.68682247,
                            -46.3383358
                        ],
                        [
                            167.68690852,
                            -46.33743303
                        ],
                        [
                            167.68699457,
                            -46.33653026
                        ],
                        [
                            167.68708061,
                            -46.3356275
                        ],
                        [
                            167.68716665,
                            -46.33472473
                        ],
                        [
                            167.68725268,
                            -46.33382196
                        ],
                        [
                            167.68733872,
                            -46.33291919
                        ],
                        [
                            167.68742475,
                            -46.33201643
                        ],
                        [
                            167.68751077,
                            -46.33111366
                        ],
                        [
                            167.6875968,
                            -46.33021089
                        ],
                        [
                            167.68768282,
                            -46.32930812
                        ],
                        [
                            167.68776884,
                            -46.32840535
                        ],
                        [
                            167.68785485,
                            -46.32750258
                        ],
                        [
                            167.68794086,
                            -46.32659981
                        ],
                        [
                            167.68802687,
                            -46.32569705
                        ],
                        [
                            167.68811288,
                            -46.32479428
                        ],
                        [
                            167.68819888,
                            -46.3238915
                        ],
                        [
                            167.68828488,
                            -46.32298873
                        ],
                        [
                            167.68959896,
                            -46.32322036
                        ],
                        [
                            167.69022356,
                            -46.32410447
                        ],
                        [
                            167.69084818,
                            -46.32498859
                        ],
                        [
                            167.69147282,
                            -46.3258727
                        ],
                        [
                            167.69209748,
                            -46.32675681
                        ],
                        [
                            167.69272216,
                            -46.32764091
                        ],
                        [
                            167.69451618,
                            -46.32789679
                        ],
                        [
                            167.69631022,
                            -46.32815264
                        ],
                        [
                            167.69605576,
                            -46.32721715
                        ],
                        [
                            167.69580131,
                            -46.32628165
                        ],
                        [
                            167.69554688,
                            -46.32534615
                        ],
                        [
                            167.69529245,
                            -46.32441065
                        ],
                        [
                            167.69503803,
                            -46.32347514
                        ],
                        [
                            167.69478361,
                            -46.32253964
                        ],
                        [
                            167.69462466,
                            -46.32138999
                        ],
                        [
                            167.69446572,
                            -46.32024034
                        ],
                        [
                            167.69430678,
                            -46.31909068
                        ],
                        [
                            167.69484549,
                            -46.31818849
                        ],
                        [
                            167.69538419,
                            -46.31728629
                        ],
                        [
                            167.69592288,
                            -46.31638409
                        ],
                        [
                            167.69646154,
                            -46.31548188
                        ],
                        [
                            167.69700018,
                            -46.31457968
                        ],
                        [
                            167.69753881,
                            -46.31367747
                        ],
                        [
                            167.69807742,
                            -46.31277525
                        ],
                        [
                            167.69682561,
                            -46.31272294
                        ],
                        [
                            167.69557379,
                            -46.3126706
                        ],
                        [
                            167.69401711,
                            -46.31254946
                        ],
                        [
                            167.69246044,
                            -46.3124283
                        ],
                        [
                            167.69090378,
                            -46.31230712
                        ],
                        [
                            167.69180244,
                            -46.31159725
                        ],
                        [
                            167.69270107,
                            -46.31088739
                        ],
                        [
                            167.69359969,
                            -46.31017751
                        ],
                        [
                            167.69449828,
                            -46.30946763
                        ],
                        [
                            167.69539684,
                            -46.30875774
                        ],
                        [
                            167.69629539,
                            -46.30804784
                        ],
                        [
                            167.69719391,
                            -46.30733794
                        ],
                        [
                            167.69809241,
                            -46.30662803
                        ],
                        [
                            167.69899088,
                            -46.30591811
                        ],
                        [
                            167.70035053,
                            -46.30565426
                        ],
                        [
                            167.70171016,
                            -46.30539039
                        ],
                        [
                            167.70306978,
                            -46.30512651
                        ],
                        [
                            167.70442938,
                            -46.30486262
                        ],
                        [
                            167.70578898,
                            -46.3045987
                        ],
                        [
                            167.70714856,
                            -46.30433478
                        ],
                        [
                            167.7084779,
                            -46.30439442
                        ],
                        [
                            167.70980724,
                            -46.30445406
                        ],
                        [
                            167.71113659,
                            -46.30451368
                        ],
                        [
                            167.71242363,
                            -46.30425383
                        ],
                        [
                            167.71371065,
                            -46.30399397
                        ],
                        [
                            167.71499766,
                            -46.3037341
                        ],
                        [
                            167.71628466,
                            -46.30347421
                        ],
                        [
                            167.71757165,
                            -46.30321431
                        ],
                        [
                            167.71885862,
                            -46.3029544
                        ],
                        [
                            167.72014559,
                            -46.30269447
                        ],
                        [
                            167.72148568,
                            -46.30217257
                        ],
                        [
                            167.72282574,
                            -46.30165067
                        ],
                        [
                            167.72416579,
                            -46.30112874
                        ],
                        [
                            167.72551312,
                            -46.30116136
                        ],
                        [
                            167.72686046,
                            -46.30119397
                        ],
                        [
                            167.7282078,
                            -46.30122656
                        ],
                        [
                            167.72955514,
                            -46.30125914
                        ],
                        [
                            167.73090248,
                            -46.3012917
                        ],
                        [
                            167.73224982,
                            -46.30132424
                        ],
                        [
                            167.73359717,
                            -46.30135677
                        ],
                        [
                            167.73494451,
                            -46.30138928
                        ],
                        [
                            167.73629186,
                            -46.30142178
                        ],
                        [
                            167.73763921,
                            -46.30145426
                        ],
                        [
                            167.73898656,
                            -46.30148672
                        ],
                        [
                            167.74033391,
                            -46.30151917
                        ],
                        [
                            167.74171614,
                            -46.30165603
                        ],
                        [
                            167.74309837,
                            -46.30179287
                        ],
                        [
                            167.74448061,
                            -46.3019297
                        ],
                        [
                            167.74586286,
                            -46.30206651
                        ],
                        [
                            167.74724512,
                            -46.3022033
                        ],
                        [
                            167.74862738,
                            -46.30234008
                        ],
                        [
                            167.74990942,
                            -46.30252178
                        ],
                        [
                            167.75119146,
                            -46.30270346
                        ],
                        [
                            167.75247352,
                            -46.30288513
                        ],
                        [
                            167.75375558,
                            -46.30306678
                        ],
                        [
                            167.75503765,
                            -46.30324842
                        ],
                        [
                            167.75631973,
                            -46.30343004
                        ],
                        [
                            167.75760182,
                            -46.30361165
                        ],
                        [
                            167.75888392,
                            -46.30379325
                        ],
                        [
                            167.76047041,
                            -46.30366033
                        ],
                        [
                            167.76205689,
                            -46.30352738
                        ],
                        [
                            167.76364337,
                            -46.30339442
                        ],
                        [
                            167.7643023,
                            -46.30249388
                        ],
                        [
                            167.76496121,
                            -46.30159335
                        ],
                        [
                            167.76367347,
                            -46.30133345
                        ],
                        [
                            167.76238575,
                            -46.30107353
                        ],
                        [
                            167.76109804,
                            -46.3008136
                        ],
                        [
                            167.75981035,
                            -46.30055366
                        ],
                        [
                            167.75858348,
                            -46.29953248
                        ],
                        [
                            167.75735666,
                            -46.29851128
                        ],
                        [
                            167.75752154,
                            -46.29721509
                        ],
                        [
                            167.75768641,
                            -46.29591891
                        ],
                        [
                            167.75810876,
                            -46.29494145
                        ],
                        [
                            167.7585311,
                            -46.293964
                        ],
                        [
                            167.75895342,
                            -46.29298654
                        ],
                        [
                            167.75937573,
                            -46.29200909
                        ],
                        [
                            167.75847408,
                            -46.29113353
                        ],
                        [
                            167.75757246,
                            -46.29025797
                        ],
                        [
                            167.75667087,
                            -46.2893824
                        ],
                        [
                            167.75576931,
                            -46.28850683
                        ],
                        [
                            167.75624991,
                            -46.28749835
                        ],
                        [
                            167.7567305,
                            -46.28648987
                        ],
                        [
                            167.75721107,
                            -46.28548138
                        ],
                        [
                            167.75591968,
                            -46.2849504
                        ],
                        [
                            167.75462831,
                            -46.2844194
                        ],
                        [
                            167.75333696,
                            -46.28388839
                        ],
                        [
                            167.75459701,
                            -46.28323004
                        ],
                        [
                            167.75585704,
                            -46.28257168
                        ],
                        [
                            167.75711704,
                            -46.28191331
                        ],
                        [
                            167.75677761,
                            -46.28123432
                        ],
                        [
                            167.7564382,
                            -46.28055533
                        ],
                        [
                            167.75540819,
                            -46.27970597
                        ],
                        [
                            167.75437821,
                            -46.27885661
                        ],
                        [
                            167.75575765,
                            -46.27810323
                        ],
                        [
                            167.75713705,
                            -46.27734983
                        ],
                        [
                            167.75619363,
                            -46.2766654
                        ],
                        [
                            167.75525023,
                            -46.27598097
                        ],
                        [
                            167.75430686,
                            -46.27529653
                        ],
                        [
                            167.7533635,
                            -46.27461208
                        ],
                        [
                            167.75296773,
                            -46.27343989
                        ],
                        [
                            167.75257197,
                            -46.27226769
                        ],
                        [
                            167.75128428,
                            -46.27204509
                        ],
                        [
                            167.74999659,
                            -46.27182248
                        ],
                        [
                            167.74870892,
                            -46.27159986
                        ],
                        [
                            167.74742126,
                            -46.27137722
                        ],
                        [
                            167.74702751,
                            -46.27019763
                        ],
                        [
                            167.74663379,
                            -46.26901804
                        ],
                        [
                            167.74559671,
                            -46.26823608
                        ],
                        [
                            167.74455966,
                            -46.26745411
                        ],
                        [
                            167.74472433,
                            -46.26644891
                        ],
                        [
                            167.74488899,
                            -46.26544371
                        ],
                        [
                            167.74505365,
                            -46.2644385
                        ],
                        [
                            167.74521831,
                            -46.2634333
                        ],
                        [
                            167.74538295,
                            -46.2624281
                        ],
                        [
                            167.74446151,
                            -46.26161316
                        ],
                        [
                            167.7435401,
                            -46.26079821
                        ],
                        [
                            167.74188587,
                            -46.26049028
                        ],
                        [
                            167.74023166,
                            -46.26018232
                        ],
                        [
                            167.7394279,
                            -46.25978899
                        ],
                        [
                            167.73862415,
                            -46.25939566
                        ],
                        [
                            167.73806626,
                            -46.25826257
                        ],
                        [
                            167.7375084,
                            -46.25712947
                        ],
                        [
                            167.73695057,
                            -46.25599637
                        ],
                        [
                            167.73551121,
                            -46.25568744
                        ],
                        [
                            167.73407186,
                            -46.2553785
                        ],
                        [
                            167.73278314,
                            -46.25512869
                        ],
                        [
                            167.73149444,
                            -46.25487888
                        ],
                        [
                            167.73020574,
                            -46.25462904
                        ],
                        [
                            167.72891705,
                            -46.25437919
                        ],
                        [
                            167.72805026,
                            -46.2536837
                        ],
                        [
                            167.72718348,
                            -46.25298821
                        ],
                        [
                            167.72631673,
                            -46.25229271
                        ],
                        [
                            167.72545,
                            -46.2515972
                        ],
                        [
                            167.72458329,
                            -46.25090168
                        ],
                        [
                            167.72371661,
                            -46.25020616
                        ],
                        [
                            167.72284994,
                            -46.24951063
                        ],
                        [
                            167.72186476,
                            -46.24872018
                        ],
                        [
                            167.72087962,
                            -46.24792971
                        ],
                        [
                            167.7198945,
                            -46.24713923
                        ],
                        [
                            167.7189094,
                            -46.24634875
                        ],
                        [
                            167.71865329,
                            -46.24537983
                        ],
                        [
                            167.71839719,
                            -46.2444109
                        ],
                        [
                            167.7181411,
                            -46.24344198
                        ],
                        [
                            167.71788502,
                            -46.24247305
                        ],
                        [
                            167.71762895,
                            -46.24150412
                        ],
                        [
                            167.71737288,
                            -46.24053519
                        ],
                        [
                            167.7162859,
                            -46.23997329
                        ],
                        [
                            167.71519893,
                            -46.23941138
                        ],
                        [
                            167.71348818,
                            -46.23960162
                        ],
                        [
                            167.71177741,
                            -46.23979184
                        ],
                        [
                            167.71031638,
                            -46.23977965
                        ],
                        [
                            167.70885535,
                            -46.23976745
                        ],
                        [
                            167.70890272,
                            -46.23843464
                        ],
                        [
                            167.70895009,
                            -46.23710183
                        ],
                        [
                            167.70936077,
                            -46.23599893
                        ],
                        [
                            167.70977143,
                            -46.23489602
                        ],
                        [
                            167.71066888,
                            -46.23434895
                        ],
                        [
                            167.71156632,
                            -46.23380187
                        ],
                        [
                            167.71241084,
                            -46.23311922
                        ],
                        [
                            167.71325535,
                            -46.23243657
                        ],
                        [
                            167.71378631,
                            -46.23200735
                        ]
                    ]
                ]
            },
            "properties": {}
        }
    ]
}